9.68,1.05,1.76,-0.45,-0.23,-0.02
9.54,1.09,1.68,-0.46,-0.20,-0.01
9.34,1.08,1.73,-0.46,-0.17,-0.01
9.25,1.14,1.75,-0.46,-0.14,-0.04
9.27,1.26,1.93,-0.46,-0.12,-0.09
9.27,1.37,2.04,-0.48,-0.09,-0.12
9.31,1.43,2.05,-0.49,-0.06,-0.13
9.32,1.51,2.19,-0.48,-0.03,-0.16
9.36,1.47,2.23,-0.49,0.00,-0.17
9.33,1.52,2.35,-0.52,0.03,-0.16
9.45,1.48,2.30,-0.53,0.03,-0.20
9.53,1.44,2.21,-0.54,0.04,-0.30
9.84,1.64,2.09,-0.55,0.08,-0.36
9.93,1.65,1.91,-0.55,0.15,-0.35
9.94,1.71,1.83,-0.55,0.21,-0.27
10.09,1.59,1.83,-0.53,0.25,-0.21
9.94,1.55,1.82,-0.52,0.26,-0.19
9.73,1.44,1.97,-0.52,0.27,-0.14
9.68,1.24,2.01,-0.53,0.25,-0.11
9.57,0.96,1.98,-0.53,0.20,-0.13
9.56,0.94,1.98,-0.52,0.13,-0.20
9.60,0.82,1.72,-0.52,0.07,-0.26
9.49,0.32,1.66,-0.54,0.05,-0.30
9.73,0.59,1.32,-0.53,0.08,-0.36
10.16,-0.02,1.21,-0.52,0.16,-0.45
10.54,0.17,0.98,-0.45,0.28,-0.48
10.80,-0.20,0.96,-0.42,0.38,-0.47
11.36,-0.51,0.59,-0.35,0.54,-0.47
12.03,-0.96,0.43,-0.26,0.76,-0.51
12.68,-1.52,0.59,-0.14,0.91,-0.54
13.48,-1.83,0.91,-0.07,0.97,-0.49
14.43,-2.12,0.89,-0.09,1.02,-0.38
15.17,-2.29,0.52,-0.12,1.08,-0.26
15.86,-2.49,0.08,-0.17,1.11,-0.09
16.61,-2.58,-0.86,-0.27,1.10,0.13
17.01,-2.83,-2.20,-0.35,1.09,0.33
17.85,-3.14,-4.54,-0.36,1.03,0.53
18.61,-4.06,-7.57,-0.18,1.04,0.80
19.57,-4.23,-9.95,0.18,1.27,1.04
21.02,-3.74,-12.28,0.49,1.86,1.20
23.92,-3.60,-12.43,0.76,2.30,1.37
28.09,-2.88,-11.06,0.89,2.12,1.41
33.29,-1.13,-9.24,0.86,1.13,1.50
38.08,1.59,-9.30,0.77,-0.26,2.08
40.66,5.54,-10.90,0.70,-1.24,3.06
41.61,9.52,-14.05,0.87,-1.64,4.12
41.22,14.61,-15.97,1.44,-1.58,5.08
41.18,19.43,-16.33,2.50,-1.51,5.80
40.98,23.80,-13.60,3.61,-1.29,6.46
41.47,28.65,-8.42,4.38,-1.00,7.04
41.98,33.17,-2.57,4.76,-0.79,7.48
37.18,39.19,0.17,4.93,-0.33,8.62
26.81,46.03,-0.93,4.75,0.46,8.73
18.78,47.63,-2.98,4.73,0.45,8.73
12.95,50.63,-1.53,6.29,0.24,8.73
9.03,50.81,2.38,7.46,2.16,8.73
8.18,48.41,7.54,7.12,3.69,8.73
9.63,45.16,13.61,5.68,3.41,8.73
10.15,44.67,14.64,3.67,1.52,8.73
3.27,46.26,11.47,1.97,-0.64,8.73
-8.33,43.24,6.33,0.95,-2.68,8.73
-16.24,36.70,3.46,1.18,-3.49,7.82
-17.87,30.61,4.44,1.70,-2.99,6.24
-16.03,24.64,6.64,1.95,-1.80,4.98
-13.16,20.16,9.25,2.05,-0.97,4.21
-10.75,17.20,11.64,1.93,-0.37,3.78
-8.65,14.72,14.31,1.83,0.05,3.41
-8.27,12.74,16.52,1.48,-0.02,3.21
-9.40,10.79,17.93,0.88,-0.45,2.98
-10.26,8.04,17.65,0.00,-1.25,2.28
-9.82,5.90,14.94,-0.63,-2.06,1.40
-8.51,4.17,12.75,-0.70,-2.41,0.74
-7.24,3.32,11.43,-0.47,-2.11,0.42
-7.41,1.75,11.68,-0.23,-1.58,0.22
-5.80,0.68,11.66,-0.22,-0.84,0.34
-5.67,-0.70,12.99,-0.22,-0.83,-0.45
-3.96,-0.40,11.83,-0.15,-0.90,-0.97
-1.44,-2.02,12.65,-0.56,-0.78,-1.01
-0.87,-2.93,12.15,-0.71,-0.92,-1.27
0.49,-2.56,10.91,-0.51,-0.81,-1.60
1.98,-2.45,10.68,-0.41,-0.10,-1.63
3.02,-2.39,10.98,-0.37,0.84,-1.35
2.92,-2.64,11.14,-0.33,1.34,-1.31
2.40,-2.78,10.91,-0.37,1.36,-1.44
2.39,-2.88,11.11,-0.50,1.09,-1.72
2.99,-2.85,10.96,-0.82,0.52,-2.19
4.08,-3.15,10.23,-1.28,0.09,-2.31
5.13,-3.56,9.56,-1.50,-0.25,-2.34
6.21,-3.69,8.92,-1.56,-0.46,-2.52
7.54,-3.49,8.39,-1.59,-0.29,-2.51
8.32,-3.42,7.60,-1.60,0.07,-2.22
8.06,-4.02,7.57,-1.64,0.30,-1.90
7.25,-4.24,7.26,-1.61,0.24,-1.90
7.35,-4.54,7.38,-1.68,0.06,-2.15
7.97,-4.25,7.30,-1.85,-0.04,-2.31
8.53,-4.45,6.94,-2.05,-0.19,-2.31
9.13,-4.59,6.47,-2.15,-0.43,-2.29
9.88,-4.69,5.95,-2.28,-0.54,-2.16
9.93,-4.75,5.41,-2.41,-0.43,-1.85
9.66,-4.69,4.57,-2.41,-0.21,-1.50
9.69,-4.89,4.09,-2.26,0.14,-1.17
8.26,-6.06,5.03,-2.16,0.22,-1.52
8.47,-4.87,4.99,-2.23,0.03,-1.86
9.23,-4.44,4.75,-2.47,0.04,-1.79
9.27,-4.11,4.33,-2.68,0.12,-1.62
9.37,-4.53,4.36,-2.75,-0.03,-1.52
9.29,-4.53,3.91,-2.81,-0.61,-1.68
9.93,-4.12,2.85,-2.94,-1.02,-1.62
9.95,-3.99,1.70,-3.19,-1.04,-1.32
9.58,-3.99,0.77,-3.23,-0.85,-1.02
9.00,-4.38,-0.07,-3.15,-0.61,-0.91
9.05,-4.72,-0.31,-3.07,-0.40,-0.99
8.92,-4.86,-0.65,-3.10,-0.31,-1.13
9.24,-4.93,-0.92,-3.06,-0.33,-1.19
9.43,-4.80,-0.99,-2.96,-0.36,-1.25
9.88,-4.59,-0.92,-2.98,-0.30,-1.08
9.76,-4.74,-1.02,-3.07,-0.15,-0.79
9.09,-5.04,-1.44,-3.14,0.01,-0.59
8.49,-5.31,-1.73,-3.13,0.18,-0.57
8.15,-5.50,-2.13,-3.08,0.40,-0.59
7.60,-5.48,-2.67,-2.96,0.58,-0.59
7.20,-5.70,-3.19,-2.78,0.78,-0.54
6.98,-6.34,-3.29,-2.50,0.97,-0.56
7.04,-5.74,-3.71,-2.32,1.25,-0.52
6.49,-5.87,-3.63,-2.14,1.69,-0.62
6.04,-5.89,-3.56,-2.16,2.11,-0.70
5.38,-5.33,-3.68,-2.13,2.45,-0.73
5.11,-5.49,-3.96,-2.04,2.62,-0.90
5.00,-5.36,-4.51,-1.87,2.55,-1.09
4.41,-5.94,-4.96,-1.56,2.23,-1.34
4.00,-5.62,-5.25,-1.07,1.77,-1.64
3.65,-5.86,-5.23,-0.63,1.52,-1.92
4.13,-5.60,-5.00,-0.38,1.84,-2.18
4.36,-5.83,-4.50,-0.53,2.67,-2.24
4.43,-5.84,-4.49,-0.71,3.34,-2.25
4.72,-6.22,-4.03,-0.67,3.45,-2.44
5.09,-5.95,-3.82,-0.43,2.87,-2.86
6.41,-6.07,-3.16,-0.20,2.06,-3.19
7.46,-6.02,-2.42,-0.15,1.62,-3.21
7.63,-6.18,-1.91,-0.18,1.61,-3.16
7.52,-6.40,-1.60,-0.20,1.98,-3.07
8.35,-6.81,-0.78,0.01,2.38,-3.13
9.98,-6.74,0.62,0.23,2.17,-3.33
11.15,-6.77,1.60,0.23,1.29,-3.47
12.07,-6.92,0.74,0.00,0.75,-3.29
12.52,-6.88,-0.81,0.15,1.36,-3.07
13.06,-6.52,-0.44,0.66,2.98,-2.83
15.48,-5.06,2.22,1.05,4.13,-2.47
18.00,-5.18,3.46,0.97,3.58,-2.37
20.65,-5.43,1.84,0.99,1.89,-2.60
23.22,-5.73,-0.88,1.35,1.26,-2.45
24.86,-6.11,-1.50,1.79,2.22,-1.56
25.06,-5.61,1.76,1.77,3.93,-0.31
25.92,-6.07,4.21,0.97,4.79,0.06
31.02,-6.29,3.08,0.34,3.83,-0.53
38.03,-2.84,1.02,0.29,2.41,-0.57
44.45,0.61,-0.61,0.23,1.31,0.39
49.23,5.72,-1.04,-0.36,1.03,1.14
53.51,12.30,-5.44,-1.47,2.21,1.89
59.12,20.49,-12.71,-2.08,4.26,2.70
65.12,28.11,-19.82,-1.32,5.38,4.01
67.14,36.29,-20.00,0.25,4.26,5.84
65.78,45.96,-11.86,1.62,0.19,7.86
61.39,59.88,-4.93,2.45,-2.70,8.73
54.56,73.90,-0.08,3.49,-1.26,8.73
47.56,78.45,2.76,3.57,1.50,8.73
48.54,78.45,1.77,3.03,2.77,8.73
48.60,78.45,-0.24,2.69,2.46,8.73
39.57,78.45,-7.08,2.14,3.62,8.73
29.21,156.90,-11.60,-0.00,-0.00,-0.00
-57.80,-0.92,12.26,3.86,0.00,-8.12
-19.47,78.45,8.04,1.11,0.32,8.73
-20.42,78.45,10.86,0.67,-2.45,8.73
-16.87,67.64,8.88,0.45,-2.71,8.73
-15.02,60.72,8.22,0.12,-1.53,8.73
-13.99,52.46,5.29,-0.11,-0.37,8.73
-12.91,47.54,3.19,0.03,0.37,8.73
-11.19,41.69,3.00,0.19,0.29,7.96
-11.06,37.86,4.38,0.36,-0.66,7.35
-11.17,33.59,4.85,0.63,-1.54,6.62
-10.74,29.87,6.19,0.91,-1.64,6.03
-10.69,26.46,6.61,0.95,-1.14,5.77
-11.37,23.23,6.97,0.85,-0.65,5.37
-11.46,20.88,7.28,0.77,-0.09,4.72
-10.80,18.85,7.58,0.74,0.66,4.13
-10.30,17.01,7.94,0.71,1.21,3.59
-9.69,15.29,8.66,0.68,1.14,3.04
-9.62,13.90,9.03,0.57,0.48,2.74
-10.21,12.48,9.08,0.49,-0.38,2.55
-10.91,11.44,9.70,0.45,-1.07,2.23
-11.50,10.36,10.22,0.25,-1.29,1.92
-12.51,9.23,9.87,-0.12,-1.12,1.58
-13.87,8.15,8.65,-0.27,-0.79,1.13
-15.03,7.47,8.30,-0.13,-0.53,0.60
-15.76,7.20,8.73,-0.03,-0.46,-0.03
-15.86,7.12,9.55,-0.12,-0.71,-0.71
-15.16,7.62,9.81,-0.37,-1.06,-1.33
-13.84,8.11,9.43,-0.62,-1.32,-2.04
-11.95,8.50,8.93,-0.73,-1.27,-2.71
-9.63,9.67,8.79,-0.67,-0.89,-3.29
-7.77,10.64,9.18,-0.50,-0.40,-3.70
-6.43,11.46,9.89,-0.39,-0.05,-4.02
-4.86,12.49,10.78,-0.48,0.02,-4.39
-3.34,13.42,11.08,-0.81,-0.25,-4.74
-1.52,14.07,10.70,-1.09,-0.64,-5.09
0.34,15.01,9.84,-1.24,-0.83,-5.30
1.84,15.19,9.56,-1.16,-0.67,-5.40
2.90,15.50,9.74,-1.11,-0.33,-5.46
3.97,15.87,10.23,-1.13,0.01,-5.56
5.12,16.02,10.37,-1.27,0.23,-5.70
6.24,16.15,9.94,-1.43,0.33,-5.76
7.28,16.16,9.11,-1.53,0.15,-5.83
8.16,15.82,8.36,-1.49,-0.12,-5.90
8.91,15.58,7.71,-1.50,-0.31,-5.92
9.59,15.25,7.01,-1.57,-0.37,-5.88
10.17,14.76,6.37,-1.61,-0.30,-5.83
10.67,14.28,5.85,-1.65,-0.16,-5.79
11.07,14.05,5.48,-1.70,-0.11,-5.80
11.97,13.83,5.00,-1.68,-0.30,-5.85
12.83,13.74,4.67,-1.68,-0.66,-5.83
13.41,13.17,3.62,-1.77,-1.00,-5.76
13.68,12.24,2.34,-1.82,-1.15,-5.68
14.26,11.70,1.41,-1.78,-0.93,-5.67
15.39,11.65,0.93,-1.67,-0.54,-5.60
16.27,11.43,0.62,-1.52,-0.11,-5.36
16.33,10.73,0.26,-1.39,0.10,-5.08
15.95,9.72,-0.72,-1.20,0.08,-4.92
16.37,8.62,-0.86,-0.86,-0.29,-4.97
17.49,8.09,-0.21,-0.64,-0.81,-5.05
18.61,7.73,0.51,-0.66,-1.19,-4.90
18.74,7.34,1.09,-0.85,-1.40,-4.57
18.05,6.83,1.00,-1.03,-1.56,-4.27
17.23,6.38,0.62,-1.10,-1.74,-4.07
16.57,6.12,0.46,-1.07,-1.86,-3.88
15.72,5.78,0.33,-1.09,-1.92,-3.61
14.93,5.26,0.28,-1.16,-1.96,-3.46
14.82,5.01,0.86,-1.28,-2.03,-3.62
15.42,4.92,1.18,-1.52,-2.14,-3.80
15.98,4.82,1.01,-1.78,-2.26,-3.84
16.36,4.71,0.23,-1.95,-2.39,-3.72
16.49,4.34,-0.07,-1.96,-2.47,-3.56
16.33,3.97,-0.30,-1.97,-2.48,-3.34
16.14,3.43,-0.33,-2.04,-2.44,-3.18
15.81,3.08,-0.46,-2.12,-2.37,-3.05
15.66,2.47,-0.67,-2.20,-2.23,-3.03
15.83,2.26,-0.62,-2.24,-2.01,-3.07
15.96,1.92,-0.72,-2.35,-1.85,-2.99
15.76,1.37,-0.13,-2.52,-1.81,-2.85
15.16,0.77,-0.25,-2.75,-1.92,-2.82
15.07,-0.08,-0.36,-2.87,-2.11,-3.08
16.10,-1.01,-0.18,-2.92,-2.24,-3.53
17.54,-1.51,-0.04,-3.06,-2.29,-3.74
17.87,-2.29,-0.28,-3.41,-2.35,-3.52
17.32,-3.42,-1.37,-3.59,-2.57,-3.21
16.54,-4.61,-2.25,-3.41,-2.68,-3.12
15.67,-4.99,-2.73,-3.12,-2.45,-3.06
-28.90,-0.46,6.13,-3.37,0.00,-8.12
16.51,-6.91,-3.72,-2.24,-0.86,-2.83
16.95,-8.16,-3.66,-1.58,-0.11,-2.53
17.01,-9.75,-2.78,-0.88,0.27,-2.17
-28.90,-0.46,6.13,0.18,0.00,-8.12
17.29,-11.52,-1.10,0.07,0.70,-1.55
17.57,-12.26,0.36,0.28,1.12,-1.43
-28.90,-0.46,6.13,2.84,0.00,-8.12
20.70,-12.12,1.84,0.13,2.07,-1.12
23.50,-11.71,1.98,-0.10,2.39,-0.80
25.97,-11.28,1.42,-0.42,2.23,-0.43
28.93,-10.46,-1.26,-0.65,1.75,0.07
32.07,-9.38,-4.21,-0.26,1.80,0.70
35.07,-8.19,-4.09,0.10,2.55,1.40
38.64,-5.34,-4.51,-0.25,2.89,2.14
43.56,-1.85,-7.26,-0.18,2.31,2.30
51.56,6.14,-8.05,0.27,1.56,2.18
63.49,19.17,-8.25,-0.06,0.48,2.76
71.18,33.22,-17.40,-1.27,-1.32,4.82
69.68,44.14,-29.90,-0.50,-2.67,7.18
63.35,54.21,-36.55,2.07,-1.84,8.73
58.65,61.90,-32.40,4.47,-0.04,8.73
55.46,68.35,-24.30,5.56,0.33,8.73
48.05,72.71,-18.43,5.46,0.01,8.73
39.66,78.23,-16.11,5.43,0.03,8.73
37.78,78.45,-16.29,5.87,0.96,8.73
40.17,78.45,-15.85,7.17,2.71,8.73
40.34,78.45,-14.78,8.62,5.70,8.73
-28.90,-0.46,6.13,4.89,0.00,-8.12
25.74,78.45,-6.27,8.12,8.73,8.73
1.70,78.45,0.67,4.36,8.22,8.73
-6.42,78.45,5.77,1.73,1.55,8.73
-57.80,-0.92,12.26,33.68,0.00,-32.42
-3.65,71.62,1.40,0.31,-2.28,8.73
-4.98,55.24,1.32,-0.33,-1.07,8.73
-3.48,48.66,-2.68,-0.75,-0.36,8.22
-28.90,-0.46,6.13,-5.48,0.00,-8.12
-5.57,46.31,-1.31,0.59,0.68,8.31
-12.53,43.88,4.73,1.35,0.32,8.44
-18.96,38.75,8.87,1.24,-0.79,7.84
-22.25,34.76,10.46,0.78,-1.63,6.89
-21.22,29.44,8.50,0.45,-1.35,5.51
-17.85,25.91,7.66,0.44,0.09,4.37
-14.20,23.84,8.10,0.75,0.87,3.72
-11.68,22.62,10.02,1.02,0.81,3.46
-11.20,20.63,10.97,0.94,0.18,3.38
-11.20,18.48,11.91,0.61,-0.32,3.14
-11.36,16.67,12.01,0.14,-0.47,2.82
-11.39,14.42,11.15,-0.25,-0.49,2.35
-10.81,12.62,10.01,-0.49,-0.19,1.76
-9.90,11.15,9.39,-0.47,0.22,1.26
-8.93,9.96,9.89,-0.31,0.58,0.89
-8.52,8.55,10.78,-0.28,0.57,0.67
-8.52,7.58,11.42,-0.48,0.23,0.48
-8.15,6.47,11.08,-0.76,-0.42,0.06
-6.72,5.86,10.07,-0.92,-0.90,-0.42
-5.37,4.93,9.33,-0.96,-0.96,-0.76
-4.17,4.45,9.15,-1.00,-0.59,-1.01
-3.77,3.24,8.81,-1.12,-0.16,-1.21
-3.38,2.73,8.30,-1.12,0.16,-1.50
-3.22,2.35,8.00,-1.02,0.21,-1.79
-2.81,1.97,7.86,-0.92,0.14,-2.04
-2.52,1.34,7.49,-0.94,0.05,-2.22
-1.78,1.02,7.37,-0.97,-0.09,-2.39
-0.63,0.85,7.58,-0.96,-0.24,-2.56
0.12,1.29,7.55,-1.00,-0.31,-2.63
0.25,0.96,7.32,-1.00,-0.27,-2.70
0.33,0.88,7.12,-1.03,-0.24,-2.80
0.78,0.71,7.05,-1.00,-0.22,-3.01
1.11,0.20,6.89,-0.99,-0.26,-3.27
1.77,-0.10,6.92,-1.02,-0.31,-3.55
2.69,0.41,6.96,-1.17,-0.27,-3.71
3.17,0.56,6.80,-1.38,-0.14,-3.72
3.17,0.54,6.27,-1.56,-0.04,-3.72
2.68,-0.30,5.65,-1.67,-0.10,-3.79
2.93,-0.77,4.75,-1.69,-0.23,-3.99
3.59,-0.81,4.34,-1.66,-0.39,-4.28
4.83,-0.03,4.46,-1.64,-0.40,-4.57
5.66,0.65,4.00,-1.68,-0.33,-4.64
6.26,0.82,3.45,-1.71,-0.28,-4.61
7.01,0.69,2.90,-1.61,-0.30,-4.56
7.57,0.40,2.62,-1.46,-0.43,-4.47
7.73,0.07,2.60,-1.37,-0.55,-4.29
7.88,0.14,3.03,-1.40,-0.67,-4.18
8.33,0.39,3.50,-1.59,-0.67,-4.25
8.76,0.42,3.38,-1.76,-0.52,-4.42
9.77,0.72,3.70,-1.86,-0.10,-4.63
10.69,1.01,3.96,-1.85,0.32,-4.85
11.37,1.06,4.17,-1.72,0.64,-5.02
11.71,0.71,4.43,-1.57,0.72,-5.09
12.07,1.01,4.70,-1.49,0.64,-5.06
-28.90,-0.46,6.13,-6.71,0.00,-8.12
11.76,1.74,4.88,-1.52,0.32,-4.77
11.36,2.07,5.29,-1.59,0.18,-4.67
11.58,2.21,5.43,-1.74,0.03,-4.70
12.19,2.30,5.87,-1.84,-0.05,-4.97
12.69,2.54,5.98,-1.92,-0.07,-5.33
13.12,2.97,6.02,-2.09,-0.05,-5.55
-28.90,-0.46,6.13,-0.37,0.00,-8.12
13.17,3.58,5.89,-2.51,-0.38,-5.54
12.41,3.57,5.11,-2.94,-0.79,-5.46
11.98,4.02,4.44,-3.38,-1.15,-5.42
11.65,4.10,3.74,-3.71,-1.41,-5.53
12.05,4.26,3.41,-3.98,-1.47,-5.73
12.14,4.39,2.35,-4.12,-1.49,-5.98
12.98,3.68,2.15,-4.23,-1.46,-6.05
13.40,3.53,1.79,-4.12,-1.54,-6.27
13.63,3.20,1.40,-4.13,-1.66,-6.35
13.85,3.37,1.29,-4.24,-1.66,-6.15
14.30,3.09,1.15,-4.34,-1.59,-5.83
14.27,2.03,0.46,-4.32,-1.44,-5.67
14.41,1.32,0.16,-4.26,-1.21,-5.72
14.28,0.97,-0.43,-4.21,-1.07,-5.89
14.50,0.38,-1.96,-4.14,-0.72,-5.91
15.28,-0.55,-2.76,-3.72,-0.26,-5.77
16.82,-1.61,-2.44,-3.11,0.20,-5.54
18.98,-2.20,-2.47,-2.68,0.39,-5.23
20.63,-3.53,-2.85,-2.30,0.63,-4.83
22.46,-4.51,-3.47,-1.79,0.63,-4.22
24.25,-5.61,-4.12,-1.33,0.66,-3.52
26.38,-5.95,-4.01,-0.95,0.74,-2.87
29.12,-6.96,-4.69,-0.53,0.77,-2.40
32.90,-7.50,-6.18,0.00,0.47,-1.99
36.68,-7.46,-8.25,0.39,0.57,-1.18
40.14,-7.34,-12.00,0.89,1.65,0.45
41.50,-6.05,-13.77,1.82,3.56,2.56
40.85,-3.61,-11.12,2.57,4.65,4.27
40.41,2.21,-3.32,2.51,3.96,4.81
42.02,6.65,-1.50,1.47,1.88,3.93
47.41,14.89,-4.13,0.97,0.12,2.90
53.85,26.91,-10.86,0.59,-0.51,3.51
55.33,38.56,-17.71,0.92,0.58,5.71
51.20,47.68,-19.11,0.89,2.89,8.10
45.15,54.60,-17.74,0.65,3.68,8.73
44.75,60.80,-17.92,1.46,2.49,8.36
47.74,66.28,-17.83,2.84,1.05,7.87
47.00,74.79,-13.89,4.04,0.91,8.73
40.68,78.45,-4.99,3.86,1.54,8.73
32.10,78.45,-0.58,2.46,2.19,8.73
27.26,78.45,-2.43,0.78,2.92,8.73
17.98,78.45,-13.90,0.45,4.49,8.73
1.18,78.45,-14.69,2.87,8.01,8.73
-13.08,78.45,-0.18,2.97,8.24,8.73
-57.80,-0.92,12.26,26.33,0.00,-32.42
-57.80,-0.92,12.26,29.33,0.00,-32.42
-57.80,-0.92,12.26,32.32,0.00,-32.42
-57.80,-0.92,12.26,-34.43,0.00,-32.42
-57.80,-0.92,12.26,-31.70,0.00,-32.42
-57.80,-0.92,12.26,-28.70,0.00,-32.42
-57.80,-0.92,12.26,-25.71,0.00,-32.42
-57.80,-0.92,12.26,-22.71,0.00,-32.42
-10.37,47.07,2.84,3.15,-0.79,8.73
-14.80,43.04,14.33,2.94,0.49,8.73
-15.69,39.45,16.67,1.94,-0.04,8.38
-17.48,35.28,15.54,1.14,-1.40,7.74
-17.51,30.83,13.78,0.82,-2.51,6.98
-16.47,27.16,12.71,0.99,-2.80,6.02
-14.18,23.67,13.58,1.37,-2.25,5.11
-12.21,21.29,14.35,1.33,-1.34,4.35
-11.86,18.15,14.43,1.15,-0.63,4.12
-12.40,16.05,14.32,0.81,-0.11,4.02
-12.37,13.85,13.58,0.33,0.15,3.54
-11.38,12.55,13.04,0.10,0.38,2.88
-9.63,11.50,12.51,-0.13,0.41,2.20
-7.72,10.70,11.42,-0.28,0.35,1.77
-6.64,9.20,10.73,-0.27,0.33,1.69
-6.83,7.95,10.65,-0.27,0.09,1.60
-6.81,6.66,10.74,-0.30,-0.43,1.26
-6.68,5.96,10.53,-0.36,-0.79,0.84
-6.37,5.28,10.53,-0.48,-0.88,0.51
-5.91,4.70,10.24,-0.69,-0.80,0.19
-4.96,3.99,9.35,-0.85,-0.54,-0.18
-3.62,3.59,8.48,-0.93,-0.34,-0.52
-2.60,3.01,7.88,-0.92,-0.27,-0.79
-1.60,2.66,7.80,-0.82,-0.42,-0.97
-0.30,2.40,7.99,-0.69,-0.60,-1.11
0.21,1.84,8.22,-0.65,-0.63,-1.16
0.52,1.51,8.42,-0.78,-0.47,-1.19
0.37,0.94,7.88,-0.95,-0.26,-1.33
0.47,0.61,7.77,-1.02,-0.05,-1.61
0.27,0.64,7.60,-1.04,0.13,-1.91
0.35,0.51,7.63,-1.01,0.22,-2.21
0.43,0.11,7.63,-0.93,0.18,-2.51
0.80,0.27,7.76,-0.90,0.07,-2.79
0.99,0.30,8.12,-0.99,-0.12,-3.02
2.01,0.70,8.55,-1.16,-0.29,-3.31
3.17,1.35,8.42,-1.41,-0.37,-3.65
4.19,1.47,7.93,-1.66,-0.39,-3.93
4.87,1.65,7.19,-1.81,-0.34,-4.13
5.68,2.01,6.49,-1.95,-0.18,-4.23
6.20,2.22,5.93,-2.06,0.07,-4.36
6.67,2.56,5.62,-2.14,0.28,-4.47
7.03,2.76,5.58,-2.20,0.34,-4.62
7.02,2.88,5.36,-2.34,0.24,-4.81
7.48,3.16,4.82,-2.50,0.10,-5.09
8.32,3.25,4.10,-2.59,0.03,-5.37
8.99,3.31,3.15,-2.64,0.28,-5.41
9.29,3.44,2.35,-2.70,0.71,-5.26
8.92,3.56,1.89,-2.71,1.13,-5.12
8.38,3.84,1.80,-2.69,1.23,-5.21
8.71,4.32,2.12,-2.60,1.01,-5.62
9.83,4.92,1.82,-2.47,0.78,-6.10
10.53,5.27,1.59,-2.38,0.61,-6.23
10.86,5.69,1.41,-2.43,0.40,-5.98
10.70,5.72,1.44,-2.57,0.08,-5.63
10.97,6.64,1.50,-2.79,-0.21,-5.35
11.95,7.13,1.76,-2.92,-0.40,-5.38
12.14,6.83,2.38,-3.00,-0.54,-5.65
12.88,7.48,2.20,-3.20,-0.64,-5.90
13.12,7.60,1.66,-3.41,-0.59,-6.05
13.67,7.83,0.86,-3.47,-0.49,-5.99
14.11,8.03,0.44,-3.32,-0.37,-5.90
15.51,8.03,0.71,-2.90,-0.37,-6.02
16.22,7.70,1.12,-2.51,-0.60,-6.29
16.99,8.39,1.58,-2.47,-0.75,-6.33
16.71,8.66,1.47,-2.81,-1.08,-5.95
16.47,8.83,0.81,-3.25,-1.39,-5.43
16.43,8.73,0.44,-3.49,-1.62,-5.29
16.74,8.50,-0.62,-3.50,-1.69,-5.53
16.98,8.54,-1.23,-3.37,-1.67,-5.76
16.74,8.29,-2.27,-3.23,-1.66,-5.64
15.73,7.72,-2.66,-2.98,-1.87,-5.41
15.90,7.70,-2.38,-2.98,-2.04,-5.06
16.05,7.30,-1.78,-3.11,-2.02,-4.82
15.81,7.25,-2.16,-3.33,-1.86,-4.60
15.20,6.41,-2.47,-3.34,-1.78,-4.46
14.22,5.29,-2.88,-3.22,-1.78,-4.55
14.69,4.82,-2.96,-2.99,-1.85,-4.81
16.20,4.31,-2.95,-2.88,-1.88,-4.98
17.42,3.98,-2.78,-2.89,-1.89,-4.87
17.97,2.85,-3.86,-2.83,-1.77,-4.32
17.19,1.21,-5.24,-2.51,-1.58,-3.71
16.52,-0.63,-5.62,-1.92,-1.10,-3.34
16.40,-1.66,-4.85,-1.27,-0.03,-3.01
17.13,-2.48,-2.98,-0.83,1.41,-2.60
18.11,-3.47,-1.52,-0.53,2.33,-2.43
19.37,-5.22,0.45,-0.21,2.25,-2.56
22.30,-6.09,1.72,-0.12,1.17,-2.84
25.96,-5.44,2.78,-0.30,0.41,-2.71
30.70,-4.41,2.71,-0.68,0.61,-2.00
34.99,-3.56,2.14,-1.02,1.86,-1.13
40.40,-1.77,1.59,-1.21,3.33,-0.21
45.13,0.58,1.18,-1.45,4.29,1.45
48.33,4.13,2.92,-1.78,4.42,3.25
49.04,8.28,3.44,-2.42,4.19,4.55
48.95,14.05,0.61,-2.73,3.81,5.28
49.98,20.59,-3.54,-2.41,3.56,5.41
52.51,28.57,-4.98,-1.71,3.69,5.60
55.27,36.09,1.18,-0.87,3.07,6.01
57.56,46.77,7.13,-1.02,1.95,6.32
61.08,55.63,3.03,-2.20,0.35,6.64
68.06,71.71,-13.92,-3.58,-2.87,7.01
73.77,77.07,-28.71,-0.03,-6.64,8.73
-28.90,-0.46,6.13,2.91,0.00,-8.12
-28.90,-0.46,6.13,3.66,0.00,-8.12
-28.90,-0.46,6.13,4.48,0.00,-8.12
-28.90,-0.46,6.13,5.30,0.00,-8.12
43.22,78.45,12.73,4.29,1.72,8.73
44.89,78.45,8.98,3.39,-1.62,8.73
-57.80,-0.92,12.26,31.78,0.00,-32.42
-57.80,-0.92,12.26,34.51,0.00,-32.42
-57.80,-0.92,12.26,-32.24,0.00,-32.42
-28.90,-0.46,6.13,-7.32,0.00,-8.12
-28.90,-0.46,6.13,-6.50,0.00,-8.12
-28.90,-0.46,6.13,-5.68,0.00,-8.12
0.84,78.45,-14.20,2.19,-4.51,8.73
-28.90,-0.46,6.13,-3.98,0.00,-8.12
9.09,78.45,-0.51,5.07,0.69,8.73
5.84,78.45,6.18,4.47,2.00,8.73
-28.90,-0.46,6.13,-1.32,0.00,-8.12
-13.22,68.04,6.72,3.27,-0.07,-0.07
-28.90,-0.46,6.13,0.39,0.00,-8.12
-16.25,52.27,2.76,2.87,-1.43,8.73
-14.65,45.19,4.92,3.61,-0.47,7.90
-12.98,40.12,8.36,3.45,1.24,7.10
-13.60,35.93,10.83,2.64,2.69,6.43
-57.80,-0.92,12.26,4.96,0.00,-8.12
-16.99,26.51,11.31,1.58,1.32,4.95
-17.03,23.22,11.16,0.95,-0.53,4.56
-15.36,21.04,9.92,0.45,-1.80,3.88
-13.34,19.91,9.02,0.30,-1.58,3.22
-11.94,18.32,9.17,0.48,-0.62,2.58
-11.16,16.55,9.80,0.64,0.48,1.83
-10.52,14.81,10.95,0.70,1.16,1.20
-10.15,13.38,11.99,0.54,1.01,0.66
-9.26,11.93,12.43,0.05,0.31,0.15
-28.90,-0.46,6.13,-3.37,0.00,-8.12
-7.26,9.70,9.90,-0.97,-0.89,-0.52
-5.79,9.01,8.34,-1.30,-1.05,-0.93
-4.64,8.55,7.12,-1.38,-0.84,-1.35
-3.65,7.69,6.43,-1.23,-0.55,-1.77
-2.68,7.31,6.51,-0.94,-0.26,-2.10
-1.96,7.23,7.12,-0.76,-0.06,-2.27
-1.68,6.97,7.91,-0.82,-0.02,-2.40
-1.17,6.75,8.78,-1.07,-0.32,-2.66
-1.00,6.26,8.45,-1.46,-0.78,-3.06
-0.40,6.27,7.49,-1.68,-1.14,-3.44
-0.02,6.77,6.63,-1.73,-1.24,-3.68
0.34,7.09,6.02,-1.66,-1.12,-3.79
0.40,7.56,5.81,-1.52,-0.81,-3.91
0.55,7.51,6.05,-1.42,-0.52,-4.16
0.57,8.16,6.43,-1.51,-0.28,-4.44
0.53,8.86,6.61,-1.74,-0.14,-4.74
-28.90,-0.46,6.13,-5.14,0.00,-8.12
1.94,9.73,6.15,-1.95,-0.33,-5.56
2.95,10.38,5.48,-2.03,-0.60,-5.84
4.02,10.65,4.73,-2.03,-0.78,-6.02
4.97,10.94,4.23,-1.95,-0.86,-6.13
5.75,11.35,4.21,-1.93,-0.83,-6.23
6.44,11.93,4.02,-2.02,-0.75,-6.34
7.48,12.47,3.93,-2.09,-0.66,-6.55
8.71,13.17,3.86,-2.17,-0.59,-6.80
9.98,13.65,3.87,-2.32,-0.66,-6.95
11.04,14.25,3.20,-2.49,-0.82,-6.97
12.12,13.96,2.78,-2.52,-1.03,-6.98
12.90,14.01,2.24,-2.58,-1.21,-6.93
13.55,13.67,2.24,-2.66,-1.25,-6.89
14.67,14.06,2.35,-2.79,-1.11,-6.82
16.08,13.95,3.64,-3.06,-0.63,-6.60
17.29,14.37,4.92,-3.67,-0.06,-6.25
17.67,13.37,5.68,-4.31,0.31,-6.00
17.90,12.67,5.31,-4.64,0.35,-5.96
17.98,11.75,4.93,-4.65,0.15,-5.96
18.49,11.71,4.51,-4.49,-0.25,-5.79
18.21,9.83,3.65,-4.13,-0.68,-5.67
17.85,9.26,3.50,-3.71,-0.89,-5.81
17.34,9.25,2.78,-3.52,-0.75,-6.00
16.91,9.06,1.47,-3.29,-0.31,-6.13
16.28,8.82,-0.50,-2.79,0.19,-6.26
16.46,8.93,-0.60,-1.91,0.70,-6.42
17.12,9.42,1.40,-1.27,0.92,-6.58
17.66,10.27,3.42,-1.31,0.62,-6.57
17.23,10.02,3.25,-1.81,-0.06,-6.41
16.58,9.53,2.38,-2.08,-0.82,-6.46
15.96,9.50,1.15,-2.31,-1.48,-6.54
15.73,9.46,0.28,-2.48,-1.72,-6.48
16.13,9.01,0.33,-2.51,-1.67,-6.59
16.88,8.88,0.14,-2.54,-1.55,-6.87
17.53,8.54,-0.62,-2.61,-1.49,-6.78
17.48,7.88,-1.48,-2.55,-1.60,-6.45
17.48,7.17,-1.58,-2.40,-1.75,-6.03
17.10,6.01,-2.52,-2.33,-1.75,-5.56
17.16,4.79,-2.61,-2.10,-1.46,-5.39
17.87,3.63,-3.30,-1.83,-0.94,-5.45
18.72,2.16,-3.41,-1.42,-0.45,-5.45
20.14,0.96,-2.22,-1.03,-0.01,-5.17
20.82,-0.72,-1.71,-0.98,0.41,-4.46
21.68,-3.05,-0.62,-0.71,0.62,-3.97
22.68,-4.59,-0.09,-0.34,0.58,-3.65
24.66,-5.66,1.66,0.00,0.53,-3.38
26.72,-5.59,3.09,-0.04,0.40,-3.21
29.73,-5.00,3.64,-0.40,-0.04,-3.22
34.02,-3.49,2.25,-0.74,-0.81,-3.17
38.50,-0.75,-1.92,-0.92,-1.06,-2.41
42.63,1.30,-6.25,-0.36,-0.10,-0.73
43.97,4.83,-5.87,0.44,1.90,1.36
43.21,8.53,-2.94,0.64,3.56,2.91
41.42,12.32,-1.17,0.38,4.36,3.88
40.27,16.97,-1.39,0.03,4.59,4.45
41.21,23.41,-2.10,-0.18,4.82,4.83
43.34,29.45,-1.84,-0.54,5.31,5.01
45.86,36.40,-1.72,-1.04,5.19,5.14
48.46,43.02,-2.14,-1.31,5.15,5.83
53.06,48.88,0.28,-1.48,4.83,6.43
64.37,57.75,0.46,-2.67,3.50,6.86
72.16,70.20,-10.28,-4.15,-0.07,8.71
57.15,78.45,-17.75,-1.06,-0.40,8.73
40.56,78.45,-7.13,0.97,2.52,8.73
34.75,78.45,0.24,-0.24,3.24,8.73
32.62,78.45,3.62,-1.45,1.35,8.73
31.68,78.45,6.23,-1.91,-1.88,8.73
-28.90,-0.46,6.13,5.78,0.00,-8.12
-28.90,-0.46,6.13,26.34,0.00,-32.42
39.79,78.45,1.32,1.18,-0.40,8.73
-28.90,-0.46,6.13,8.30,0.00,-8.12
-28.90,-0.46,6.13,-8.34,0.00,-8.12
-28.90,-0.46,6.13,-7.59,0.00,-8.12
-12.44,78.45,-7.34,-1.97,-4.88,8.73
-12.06,77.44,-7.91,0.85,-5.16,8.73
-28.90,-0.46,6.13,-4.93,0.00,-8.12
-8.65,66.17,4.08,2.55,-0.18,8.73
-10.35,58.24,5.47,1.46,1.49,8.73
-10.81,52.95,1.90,0.82,1.89,8.73
-9.57,47.63,0.78,0.91,1.53,8.53
-7.81,44.96,2.42,1.28,0.65,8.11
-6.96,42.35,5.03,1.49,0.20,7.99
-7.78,40.18,7.55,1.28,0.18,7.74
-11.75,36.95,7.66,0.61,0.43,7.75
-16.64,31.72,6.07,0.23,0.28,7.42
-17.97,28.20,4.96,0.13,0.46,6.58
-16.42,25.24,4.98,0.28,1.12,5.41
-13.37,23.90,6.17,0.36,2.13,4.40
-12.01,22.01,6.62,0.09,2.98,3.90
-12.22,18.96,6.34,-0.23,3.34,3.51
-13.19,16.46,5.49,-0.44,2.96,3.10
-13.33,14.77,5.21,-0.47,1.99,2.60
-28.90,-0.46,6.13,-6.64,0.00,-8.12
-11.47,13.04,5.47,-0.61,0.26,1.79
-10.74,11.84,5.34,-0.80,-0.12,1.45
-28.90,-0.46,6.13,-3.98,0.00,-8.12
-9.77,9.42,4.48,-0.73,-0.17,0.61
-9.61,8.73,4.66,-0.47,-0.00,0.26
-9.45,7.71,5.44,-0.28,0.09,-0.10
-28.90,-0.46,6.13,-0.43,0.00,-8.12
-28.90,-0.46,6.13,0.39,0.00,-8.12
-28.90,-0.46,6.13,1.21,0.00,-8.12
-57.80,-0.92,12.26,7.82,0.00,-32.42
-8.33,5.51,6.22,-0.72,-0.39,-1.24
-28.90,-0.46,6.13,3.66,0.00,-8.12
-28.90,-0.46,6.13,4.48,0.00,-8.12
-6.52,5.40,4.57,-0.14,-0.87,-2.83
-12.28,11.54,11.10,0.04,-0.85,-3.00
-5.71,5.66,6.24,-0.05,-0.97,-3.33
-5.15,6.04,6.66,-0.37,-1.28,-3.76
-3.96,6.35,6.59,-0.71,-1.54,-4.25
-3.00,7.43,5.99,-0.93,-1.66,-4.63
-1.98,8.48,5.38,-1.03,-1.55,-4.89
-1.19,8.72,4.82,-0.92,-1.38,-5.16
-0.42,9.42,4.97,-0.75,-1.35,-5.48
0.30,9.98,5.70,-0.72,-1.64,-5.80
1.03,10.62,5.81,-0.91,-2.10,-6.06
2.26,11.23,6.08,-1.14,-2.57,-6.30
3.79,12.25,6.39,-1.43,-2.97,-6.57
5.43,12.81,6.51,-1.79,-3.22,-6.82
6.59,13.51,6.63,-2.19,-3.38,-6.97
7.85,14.39,5.75,-2.67,-3.54,-6.98
9.06,12.82,4.17,-2.97,-3.39,-6.85
10.25,13.70,3.51,-3.07,-3.43,-6.53
10.64,13.64,3.08,-3.42,-3.35,-6.32
11.22,13.82,2.83,-3.85,-3.20,-6.13
12.09,14.68,2.61,-4.26,-3.08,-6.10
12.87,14.74,2.50,-4.71,-3.28,-6.20
13.20,15.32,1.38,-5.21,-3.86,-6.18
13.79,15.52,-0.40,-5.62,-4.30,-6.03
13.82,15.55,-1.87,-5.94,-4.32,-5.80
14.80,16.33,-2.94,-6.21,-3.89,-5.42
15.22,16.39,-4.09,-6.44,-3.17,-5.03
15.47,16.78,-5.22,-6.65,-2.36,-4.65
15.29,16.66,-5.76,-6.63,-1.68,-4.36
15.33,17.07,-6.33,-6.57,-1.36,-4.32
15.24,16.55,-6.99,-6.44,-1.56,-4.65
16.29,17.28,-8.11,-6.31,-1.97,-5.04
16.83,17.80,-9.53,-6.31,-2.01,-5.00
17.22,17.98,-11.01,-6.15,-1.72,-4.56
17.00,16.94,-11.69,-5.81,-1.36,-4.11
16.92,17.01,-11.42,-5.56,-1.09,-3.75
16.14,16.64,-11.45,-5.53,-1.01,-3.45
15.70,16.21,-11.98,-5.53,-1.19,-3.38
15.97,15.83,-11.97,-5.50,-1.44,-3.51
16.12,15.50,-12.35,-5.53,-1.58,-3.45
15.66,15.23,-12.89,-5.53,-1.68,-3.15
15.01,14.26,-13.17,-5.36,-1.78,-3.00
14.30,13.60,-13.28,-5.10,-1.85,-2.96
14.04,13.11,-12.83,-4.87,-1.71,-2.79
13.56,12.61,-12.75,-4.85,-1.47,-2.49
13.23,11.24,-12.79,-4.85,-1.21,-2.37
13.75,10.21,-13.30,-4.83,-0.89,-2.61
14.89,9.65,-13.96,-4.59,-0.78,-2.76
15.84,8.74,-14.54,-4.09,-0.86,-2.62
15.94,7.25,-14.01,-3.54,-0.92,-2.37
16.16,5.75,-13.18,-3.09,-0.61,-2.31
16.42,4.22,-11.96,-2.73,0.33,-2.29
17.07,2.38,-10.42,-2.45,1.23,-2.25
17.96,0.91,-8.66,-2.31,1.33,-2.33
19.25,-0.33,-7.50,-2.35,0.60,-2.32
20.87,-1.61,-6.83,-2.67,-0.14,-2.08
22.68,-2.60,-6.91,-2.95,-0.38,-1.77
24.76,-3.47,-8.29,-3.17,-0.48,-1.35
26.42,-5.01,-10.22,-3.50,-0.47,-0.78
27.35,-6.44,-13.24,-4.02,-0.74,-0.21
28.88,-8.54,-20.26,-4.46,-1.49,0.07
33.05,-12.27,-32.67,-4.86,-1.70,0.74
34.75,-2.19,-41.26,-5.00,-2.56,2.27
34.17,0.30,-47.45,-1.69,-3.29,3.06
-28.90,-0.46,6.13,-4.93,0.00,-8.12
-28.90,-0.46,6.13,-4.11,0.00,-8.12
-28.90,-0.46,6.13,-3.36,0.00,-8.12
38.81,19.24,-38.54,5.85,0.88,3.76
-28.90,-0.46,6.13,-1.59,0.00,-8.12
43.95,35.81,-38.68,5.91,-0.97,5.98
42.94,43.84,-42.13,6.08,-2.74,6.48
-57.80,-0.92,12.26,4.28,0.00,-32.42
-28.90,-0.46,6.13,1.82,0.00,-8.12
-57.80,-0.92,12.26,10.27,0.00,-32.42
-57.80,-0.92,12.26,13.27,0.00,-32.42
48.51,78.45,-45.94,8.73,-2.13,7.01
-28.90,-0.46,6.13,5.03,0.00,-8.12
-57.80,-0.92,12.26,23.08,0.00,-32.42
-57.80,-0.92,12.26,26.08,0.00,-32.42
-57.80,-0.92,12.26,29.07,0.00,-32.42
-28.90,-0.46,6.13,32.07,0.00,-32.42
-57.80,-0.92,12.26,-34.68,0.00,-32.42
-57.80,-0.92,12.26,-7.93,0.00,-8.12
-57.80,-0.92,12.26,-28.69,0.00,-32.42
-57.80,-0.92,12.26,-25.69,0.00,-32.42
-28.90,-0.46,6.13,-5.61,0.00,-8.12
41.16,156.90,-0.00,-0.00,-0.00,-0.00
20.58,78.45,0.15,8.73,2.80,8.73
15.32,73.50,1.78,27.03,15.00,34.87
-57.80,-0.92,12.26,-8.52,0.00,-32.42
-57.80,-0.92,12.26,-5.53,0.00,-32.42
14.10,59.04,7.52,4.11,-0.14,8.44
12.23,54.96,11.82,3.58,-0.20,8.46
8.10,49.37,13.40,10.05,-0.25,33.71
5.42,44.88,10.86,1.58,-0.63,7.86
4.44,41.14,7.13,1.48,-1.23,7.21
3.38,39.36,7.25,2.18,-1.18,6.96
1.41,36.80,9.50,2.82,-0.65,6.68
-57.80,-0.92,12.26,23.35,0.00,-32.42
-3.45,32.93,14.76,2.67,-0.14,5.79
-6.65,29.07,15.00,2.10,-0.94,5.35
-7.92,26.39,14.41,1.42,-1.44,4.86
-8.38,23.31,14.85,0.95,-1.34,4.06
-7.44,20.95,14.86,0.72,-1.00,3.16
-5.19,18.96,14.36,0.53,-0.68,2.31
-3.23,17.84,13.03,0.29,-0.48,1.91
-2.58,16.11,11.73,0.21,-0.58,1.86
-3.07,14.57,11.11,0.22,-0.94,1.72
-3.72,13.34,11.15,0.23,-1.35,1.38
-3.46,11.74,10.93,0.08,-1.35,0.84
-2.96,10.94,10.79,-0.23,-0.97,0.50
-2.37,10.43,10.02,-0.55,-0.66,0.07
-1.53,9.67,9.25,-0.60,-0.64,-0.42
-0.83,9.21,8.83,-0.61,-0.60,-0.74
-0.11,8.81,8.41,-0.77,-0.52,-0.96
0.36,8.09,7.91,-0.93,-0.57,-1.23
-28.90,-0.46,6.13,4.96,0.00,-8.12
1.60,7.74,7.53,-1.25,-0.89,-1.85
2.14,7.93,7.46,-1.58,-0.68,-2.06
2.72,8.01,7.48,-1.82,-0.55,-2.36
-28.90,-0.46,6.13,8.58,0.00,-8.12
4.41,8.78,7.41,-2.43,-0.98,-3.00
5.30,9.01,6.83,-2.77,-1.25,-3.22
6.10,9.22,6.17,-3.12,-1.34,-3.39
6.76,9.44,5.55,-3.44,-1.24,-3.60
7.58,9.72,5.01,-3.69,-1.04,-3.86
8.40,10.24,4.50,-3.91,-0.71,-4.09
9.27,10.67,4.08,-4.12,-0.42,-4.28
10.31,11.17,3.86,-4.38,-0.30,-4.48
11.20,11.66,3.39,-4.74,-0.36,-4.60
11.96,12.36,2.86,-5.12,-0.56,-4.76
12.94,12.67,1.99,-5.42,-0.71,-4.94
13.86,13.42,0.93,-5.66,-0.65,-4.92
14.59,13.55,0.21,-5.78,-0.44,-4.80
15.18,14.12,-0.49,-5.82,-0.18,-4.75
15.75,14.42,-0.66,-5.79,0.21,-4.73
16.20,14.85,-0.54,-5.90,0.55,-4.80
16.59,15.35,-0.65,-6.06,0.61,-5.00
17.24,15.89,-1.18,-6.22,0.45,-5.24
17.82,16.59,-1.82,-6.35,0.29,-5.38
18.33,16.99,-2.91,-6.45,0.30,-5.41
18.64,17.00,-4.18,-6.43,0.53,-5.43
19.10,17.13,-4.99,-6.24,0.78,-5.50
19.40,17.26,-5.71,-6.02,1.08,-5.52
19.59,17.50,-5.70,-5.76,1.29,-5.54
19.78,17.74,-5.56,-5.60,1.33,-5.52
19.46,17.85,-5.66,-5.66,1.24,-5.38
18.99,17.85,-6.44,-5.74,1.11,-5.34
19.03,17.72,-7.69,-5.64,1.31,-5.59
19.60,17.57,-8.44,-5.31,1.68,-5.99
20.86,17.90,-9.09,-4.81,2.11,-6.20
21.84,17.33,-9.42,-4.22,2.33,-6.11
22.09,16.64,-9.23,-3.72,2.08,-6.03
21.94,15.66,-9.49,-3.31,1.55,-5.88
21.95,15.10,-9.23,-3.03,1.09,-5.65
21.66,14.02,-9.50,-2.87,0.78,-5.59
21.46,13.11,-9.79,-2.61,0.45,-5.63
21.16,11.92,-10.06,-2.23,0.26,-5.58
20.30,11.12,-10.15,-1.74,0.12,-5.48
19.38,10.38,-9.24,-1.31,-0.02,-5.37
18.56,9.79,-8.11,-1.20,-0.06,-5.17
18.35,8.99,-7.03,-1.29,-0.33,-5.10
18.57,8.38,-6.61,-1.41,-1.02,-5.28
18.57,8.06,-6.56,-1.49,-1.78,-5.31
18.23,7.64,-6.34,-1.52,-2.30,-5.14
17.96,6.62,-5.83,-1.54,-2.46,-4.82
18.04,5.00,-4.48,-1.52,-2.29,-4.61
18.61,3.06,-3.05,-1.54,-2.16,-4.68
19.42,1.23,-1.37,-1.56,-2.29,-4.79
20.71,-0.59,0.30,-1.62,-2.49,-4.66
21.90,-2.16,1.53,-1.75,-2.56,-4.36
23.76,-3.56,2.53,-1.93,-2.42,-3.94
25.97,-5.04,3.26,-2.11,-2.16,-3.68
28.39,-5.75,3.21,-2.24,-2.01,-3.27
30.29,-5.93,2.94,-2.35,-1.87,-2.36
30.69,-5.83,2.57,-2.56,-1.94,-1.32
30.52,-5.65,1.55,-2.67,-2.23,-0.68
31.04,-4.45,0.04,-2.68,-2.41,-0.20
31.97,-2.84,-1.16,-2.65,-2.45,0.23
33.18,-0.29,-3.04,-2.66,-2.37,0.66
34.72,1.65,-6.46,-2.74,-2.20,1.28
37.25,3.95,-11.15,-2.54,-1.92,1.87
41.01,6.62,-16.30,-2.04,-1.49,2.21
46.54,10.43,-22.50,-1.35,-0.89,2.79
51.31,16.94,-30.17,-0.86,-0.82,4.03
51.58,25.75,-34.67,-0.00,-0.00,-0.00
48.31,33.70,-33.73,3.95,-2.95,7.13
43.96,40.42,-29.16,5.59,-1.26,7.72
43.46,45.42,-24.52,5.63,-0.16,5.18
45.93,53.71,-23.83,5.46,-1.20,7.91
46.00,63.57,-28.63,5.60,-3.29,8.62
42.70,72.65,-35.72,6.70,-4.97,8.73
39.81,78.45,-38.77,8.72,-5.69,8.73
38.69,78.45,-36.83,34.87,-23.13,34.87
38.65,78.45,-35.46,8.73,-5.78,8.72
45.99,78.45,-25.93,8.73,-5.21,7.68
100.82,156.90,-46.90,8.73,-5.11,7.72
-57.80,-0.92,12.26,-28.41,0.00,-32.42
-28.90,-0.46,6.13,-6.36,0.00,-8.12
-57.80,-0.92,12.26,-22.14,0.00,-32.42
-57.80,-0.92,12.26,-19.14,0.00,-32.42
-57.80,-0.92,12.26,-16.15,0.00,-32.42
30.06,78.45,4.30,8.73,-1.64,5.89
26.96,78.45,4.23,8.73,-1.34,6.91
21.76,76.91,3.79,8.73,-0.93,6.81
20.78,71.93,6.39,8.73,-0.63,6.43
19.56,67.59,13.54,8.73,-0.21,6.23
16.80,59.95,19.53,8.69,-0.00,-0.00
12.19,52.01,20.06,6.71,-2.05,6.02
9.63,44.97,15.96,5.32,-2.91,5.60
8.21,41.20,10.98,5.00,-2.60,4.87
8.82,38.61,10.81,5.74,-1.18,4.17
7.77,37.00,12.28,6.39,0.50,3.88
4.62,34.74,14.31,6.60,1.98,3.82
0.70,32.20,16.34,6.27,2.86,3.65
-0.88,29.82,18.18,5.57,3.02,3.16
-1.21,28.72,20.04,4.95,2.68,2.99
-1.41,28.32,20.19,4.77,2.53,3.01
-5.96,22.63,18.84,3.27,1.04,3.01
-8.57,20.48,17.58,2.89,0.76,2.70
-10.03,18.40,16.75,2.59,1.41,2.10
-10.06,17.10,16.42,2.15,2.64,1.40
-9.51,16.02,15.86,1.54,3.20,0.68
-57.80,-0.92,12.26,-4.70,0.00,-32.42
-57.80,-0.92,12.26,-1.71,0.00,-32.42
-57.80,-0.92,12.26,1.02,0.00,-32.42
-28.90,-0.46,6.13,1.01,0.00,-8.12
-6.00,12.57,10.52,0.35,1.33,-1.29
-7.49,11.92,10.71,0.19,0.88,-1.59
-8.59,11.65,11.15,-0.17,0.41,-1.99
-8.72,12.32,10.59,-0.68,0.02,-2.67
-7.74,13.35,9.43,-0.95,-0.06,-3.39
-5.68,13.96,8.96,-0.99,0.13,-4.04
-3.65,15.11,8.79,-1.20,0.39,-4.53
-2.05,15.64,8.82,-1.40,0.42,-4.95
-0.47,16.65,9.45,-1.47,-0.05,-5.38
1.30,17.59,9.50,-1.67,-0.75,-5.67
2.67,19.13,9.28,-1.91,-1.06,-5.90
4.17,19.41,9.04,-2.06,-1.09,-6.34
5.97,20.11,8.88,-2.32,-0.88,-6.78
7.80,20.94,8.75,-2.63,-0.53,-6.88
9.10,21.07,8.28,-2.81,-0.30,-6.82
9.68,21.27,7.62,-2.80,-0.15,-6.71
10.20,20.91,7.17,-2.64,0.01,-6.66
10.60,20.77,7.27,-2.49,0.26,-6.58
10.80,20.84,7.32,-2.65,0.49,-6.50
10.71,20.48,6.85,-2.84,0.57,-6.59
10.99,20.51,5.88,-2.96,0.44,-6.83
11.51,20.56,4.58,-3.04,0.14,-6.93
11.81,20.51,3.31,-3.01,-0.25,-6.90
11.99,20.57,1.78,-2.90,-0.67,-6.89
12.26,19.97,0.47,-2.64,-0.94,-6.83
12.51,19.42,-0.38,-2.36,-0.83,-6.68
12.48,19.04,-0.35,-2.18,-0.42,-6.41
12.39,18.64,-0.33,-2.04,0.11,-6.17
12.22,18.66,-0.69,-1.76,0.47,-6.04
12.16,18.74,-0.79,-1.30,0.72,-5.96
12.11,18.66,-0.27,-0.80,0.74,-6.02
12.59,18.59,1.03,-0.44,0.45,-6.25
13.84,18.71,2.29,-0.42,-0.11,-6.42
14.60,18.75,2.76,-0.69,-0.67,-6.35
14.91,18.97,1.88,-0.96,-1.12,-6.29
15.20,19.44,0.42,-1.00,-1.21,-6.26
15.35,19.71,-0.82,-0.76,-0.78,-6.22
15.76,19.44,-0.90,-0.33,-0.15,-6.31
16.38,19.25,0.15,0.09,0.26,-6.54
17.29,19.39,1.02,0.15,0.15,-6.68
17.95,19.43,1.26,-0.00,-0.39,-6.64
18.85,19.29,0.40,-0.15,-1.25,-6.64
19.67,19.09,-0.72,-0.07,-1.89,-6.63
20.24,18.81,-1.82,0.14,-1.75,-6.50
20.69,18.33,-2.14,0.54,-0.98,-6.26
20.45,17.94,-1.41,0.96,-0.12,-5.89
20.01,17.26,-0.39,1.29,0.21,-5.63
19.55,17.34,0.69,1.49,0.03,-5.45
19.09,17.24,1.54,1.51,-0.46,-5.36
18.80,16.90,1.80,1.53,-1.05,-5.44
18.93,16.98,1.60,1.61,-1.48,-5.49
18.98,16.70,1.72,1.76,-1.62,-5.36
18.59,16.44,2.22,1.86,-1.53,-5.17
17.83,15.93,3.13,1.94,-1.41,-5.03
17.07,15.07,4.80,2.00,-1.59,-4.97
16.30,14.42,6.22,1.91,-1.88,-4.89
15.63,13.89,7.40,1.70,-2.24,-4.91
15.30,12.81,8.16,1.50,-2.56,-5.10
15.21,11.60,8.83,1.27,-2.78,-5.23
15.62,10.23,9.60,0.88,-3.03,-5.29
16.03,8.27,9.85,0.43,-3.09,-5.21
16.79,7.58,10.56,0.39,-2.66,-5.15
18.37,7.28,12.73,0.69,-1.94,-5.02
20.55,6.89,15.68,0.87,-1.22,-4.87
23.08,6.44,17.75,0.55,-1.18,-4.86
26.76,6.16,17.81,-0.13,-1.67,-4.77
33.56,5.17,16.35,-0.89,-1.54,-3.95
40.37,4.93,14.29,-1.55,-0.58,-2.91
44.64,5.25,12.14,-2.29,0.89,-1.51
42.47,8.97,8.36,-1.60,2.86,1.40
34.79,10.88,11.16,-0.49,5.35,3.56
29.79,12.28,17.90,-0.03,7.23,3.38
30.17,18.50,26.30,-0.73,8.01,2.58
33.36,25.00,29.80,-2.47,8.33,2.50
37.92,32.13,26.82,-4.34,8.73,2.72
41.82,40.20,23.16,-5.40,8.73,3.18
42.40,47.98,22.42,-6.01,8.73,4.01
37.30,54.97,25.10,-7.00,8.73,4.45
34.37,61.97,29.47,-8.65,8.73,3.11
38.46,71.52,28.46,-8.73,8.73,1.82
43.73,78.45,25.10,-8.73,7.61,1.71
-28.90,-0.46,6.13,7.56,0.00,-8.12
41.07,78.45,17.38,-8.73,5.01,3.85
33.68,78.45,18.16,-8.73,5.07,4.76
24.09,78.45,16.86,-8.73,4.44,5.26
21.38,78.45,14.94,-8.73,4.23,4.55
27.02,78.45,5.09,-8.73,5.22,3.41
29.23,78.45,2.40,-8.73,5.49,3.29
40.65,78.45,-19.48,-8.73,7.37,3.93
28.51,78.45,-31.56,-8.73,7.20,4.99
19.86,78.45,-33.92,-8.73,4.08,4.11
11.19,71.42,-26.73,-8.73,0.66,3.88
3.68,61.04,-18.80,-8.73,-0.85,3.34
5.84,55.91,-15.87,-8.57,-1.48,2.03
10.26,52.77,-15.42,-8.14,-0.64,2.38
10.35,49.87,-13.53,-7.35,0.06,3.15
5.88,48.90,-11.18,-6.90,0.15,4.05
0.77,48.06,-10.45,-7.17,-0.21,4.71
-3.01,47.40,-11.03,-7.80,-0.26,4.95
-6.28,46.31,-13.15,-8.07,0.14,4.98
-9.43,40.16,-17.03,-7.95,0.89,4.44
-10.70,34.37,-20.18,-7.32,0.98,3.81
-11.61,31.52,-19.97,-6.22,0.40,3.56
-13.10,28.83,-16.47,-4.86,-0.42,3.63
-14.29,26.34,-12.35,-3.96,-0.98,3.46
-15.95,23.10,-10.28,-3.59,-0.84,3.27
-18.49,18.86,-11.08,-3.97,-0.32,3.12
-20.24,15.35,-13.29,-4.20,-0.44,2.44
-19.84,13.82,-15.26,-3.67,-0.69,1.53
-18.11,12.96,-14.93,-2.58,-0.99,0.95
-16.78,11.78,-12.44,-1.43,-1.37,0.62
-15.30,10.24,-8.69,-0.63,-1.82,0.33
-14.67,9.72,-5.56,-0.35,-2.15,0.19
-14.37,8.44,-3.11,-0.46,-2.55,-0.07
-13.54,8.13,-1.85,-0.48,-2.83,-0.62
-12.26,7.81,-0.77,-0.30,-2.69,-1.29
-9.84,8.30,0.94,-0.01,-2.20,-1.95
-7.81,8.12,2.65,0.27,-1.70,-2.31
-6.64,7.47,3.85,0.34,-1.56,-2.50
-5.66,6.91,4.56,0.27,-1.81,-2.64
-5.30,6.02,4.04,0.03,-2.22,-2.71
-4.89,4.63,3.31,-0.12,-2.60,-2.93
-4.47,5.34,3.31,-0.07,-2.89,-3.23
-3.61,4.99,3.71,0.10,-2.98,-3.44
-2.70,5.34,4.05,0.25,-2.94,-3.64
-2.10,4.87,4.41,0.48,-2.84,-3.83
-1.08,5.37,5.38,0.62,-2.75,-4.01
-0.68,5.40,6.62,0.60,-2.73,-4.13
-0.06,5.55,7.28,0.37,-2.90,-4.32
0.28,4.90,8.18,0.18,-3.03,-4.72
1.34,5.05,8.60,0.05,-2.97,-5.10
2.62,5.26,9.51,0.01,-2.59,-5.40
2.91,5.70,10.14,-0.22,-2.00,-5.50
2.99,5.83,10.47,-2.48,-6.05,-22.67
2.98,5.47,9.75,-1.01,-1.33,-6.05
3.32,5.62,9.20,-1.35,-1.36,-6.53
3.88,6.44,8.54,-1.73,-1.48,-6.92
4.85,7.39,7.47,-2.21,-1.67,-7.28
6.26,8.84,6.69,-2.53,-1.88,-7.71
8.23,9.62,5.88,-2.63,-2.03,-8.12
10.09,9.96,4.95,-2.60,-2.10,-8.38
11.63,10.77,4.45,-2.81,-2.06,-8.25
12.13,11.28,3.84,-3.21,-2.04,-7.89
-28.90,-0.46,6.13,-4.59,0.00,-8.12
11.68,11.10,1.90,-3.79,-2.23,-7.60
11.59,11.75,1.07,-3.87,-2.29,-7.77
12.14,11.99,0.73,-3.84,-2.33,-8.00
13.62,13.06,0.91,-3.96,-2.32,-7.96
15.24,13.03,1.33,-4.10,-2.29,-8.00
15.98,13.72,0.10,-4.39,-2.13,-8.03
16.59,14.01,-1.48,-4.56,-1.73,-7.78
16.95,14.16,-2.88,-4.44,-1.25,-7.33
17.02,13.43,-3.58,-4.04,-1.09,-6.98
17.54,13.04,-3.25,-3.54,-1.32,-7.08
18.17,12.69,-3.57,-3.24,-1.82,-7.40
18.25,13.07,-4.46,-3.09,-2.35,-7.30
17.82,12.48,-5.37,-2.96,-2.66,-6.71
17.27,12.20,-4.91,-2.81,-2.46,-6.00
16.50,12.28,-5.19,-2.90,-1.64,-5.14
15.37,11.57,-5.43,-2.92,-0.30,-4.84
14.90,10.97,-5.30,-2.58,0.85,-5.12
15.35,10.62,-4.98,-2.03,1.53,-5.61
15.29,10.39,-4.22,-1.25,1.10,-6.26
16.23,9.89,-3.13,-0.57,-0.03,-6.69
17.33,10.22,-2.69,-0.25,-0.92,-6.38
18.64,9.51,-1.22,-0.34,-0.78,-5.48
18.33,8.71,-0.46,-0.66,0.37,-4.44
17.01,7.16,0.12,-0.69,1.99,-3.80
16.25,5.60,1.17,0.17,2.85,-4.11
16.49,6.12,2.56,1.16,2.82,-4.57
17.99,7.03,4.74,2.06,2.26,-4.84
20.11,8.19,7.46,2.36,1.83,-4.72
-28.90,-0.46,6.13,4.90,0.00,-8.12
23.32,8.70,12.78,0.88,2.98,-3.49
24.32,8.32,14.42,0.02,3.50,-3.12
25.43,8.97,14.49,-0.35,2.94,-3.09
26.94,10.12,13.29,-0.78,1.71,-2.68
28.49,11.21,12.49,-1.39,0.64,-1.94
30.10,12.53,12.04,-2.27,0.41,-1.22
32.01,14.30,10.30,-3.19,1.18,-0.56
35.32,16.61,6.79,-3.75,2.92,-0.07
40.86,19.05,3.09,-4.16,5.07,0.09
45.57,24.56,1.56,-3.79,7.52,1.15
43.89,32.35,4.03,-2.87,8.73,4.25
36.12,36.34,9.42,-3.24,8.73,6.14
30.34,41.02,14.16,-4.58,8.73,5.26
31.49,47.92,17.44,-6.18,8.73,3.63
35.14,54.72,18.18,-7.81,8.73,3.27
39.21,59.24,16.11,-8.73,7.99,3.31
42.04,66.05,11.57,-8.73,6.51,3.99
40.94,73.70,8.99,-8.73,6.45,5.05
36.55,78.45,10.47,-8.73,6.94,5.93
30.22,78.45,12.62,-8.73,6.22,6.31
24.92,78.45,13.24,-8.73,4.58,6.24
23.89,78.45,11.39,-8.73,3.39,6.11
25.90,78.45,5.76,-8.73,3.32,5.96
32.79,78.45,-3.57,-8.73,3.68,5.81
38.31,78.45,-13.28,-8.73,3.95,6.37
25.46,78.45,-20.81,-8.73,4.81,8.73
13.25,78.45,-15.63,-8.73,4.70,8.35
10.10,78.45,-8.03,-8.73,4.64,7.57
7.31,78.45,-5.09,-8.73,3.60,6.53
7.95,76.47,-9.14,-8.73,1.96,5.33
8.48,71.50,-17.49,-8.73,1.15,5.29
5.83,64.28,-23.39,-0.00,-0.00,-0.00
2.03,58.27,-24.51,-8.63,1.01,6.23
-3.06,52.80,-21.89,-7.50,0.92,6.37
-7.10,47.73,-18.30,-6.98,0.63,5.62
-8.67,42.55,-17.42,-6.83,0.61,4.87
-8.85,38.82,-17.27,-6.31,0.55,4.22
-8.79,35.09,-17.03,-5.45,0.53,3.88
-9.14,32.66,-15.19,-4.46,0.53,3.79
-11.30,29.23,-14.12,-3.75,0.44,3.70
-12.87,26.38,-11.87,-3.27,0.45,3.33
-15.10,23.96,-10.85,-3.57,0.45,3.15
-16.33,21.10,-11.15,-3.74,-0.03,2.52
-15.95,18.80,-11.80,-3.48,-0.48,1.63
-15.02,17.22,-11.37,-2.91,-0.68,0.99
-14.42,15.66,-10.23,-2.27,-0.84,0.71
-14.18,14.04,-8.32,-1.62,-1.14,0.50
-14.74,12.96,-6.35,-1.17,-1.47,0.28
-14.95,11.28,-4.77,-0.90,-1.81,-0.15
-14.22,9.99,-3.43,-0.72,-1.96,-0.90
-13.19,9.00,-2.42,-0.65,-1.93,-1.61
-11.76,8.59,-2.05,-0.53,-1.86,-2.17
-9.87,8.06,-1.24,-0.18,-1.82,-2.69
-8.48,7.93,-0.21,0.21,-1.75,-3.04
-7.44,7.46,0.95,0.50,-1.72,-3.25
-6.12,6.71,2.12,0.61,-1.82,-3.54
-5.63,6.39,2.88,0.55,-2.04,-3.78
-28.90,-0.46,6.13,6.53,0.00,-8.12
-4.48,6.58,3.48,0.08,-2.66,-4.35
-4.05,7.10,3.07,-0.04,-2.91,-4.65
-3.32,6.92,2.58,0.05,-3.07,-5.11
-2.29,7.55,2.48,0.36,-3.15,-5.57
-1.10,8.12,3.37,0.67,-3.10,-5.86
-0.34,8.47,5.04,0.79,-3.02,-5.99
0.89,8.73,6.75,0.56,-3.15,-6.13
1.66,8.56,8.05,0.12,-3.33,-6.36
3.12,9.26,9.08,-0.34,-3.38,-6.77
5.15,9.25,9.39,-0.54,-3.17,-7.30
7.04,9.44,9.52,-0.54,-2.81,-7.73
-28.90,-0.46,6.13,0.12,0.00,-8.12
9.27,9.24,9.31,-0.81,-2.20,-7.72
9.40,8.97,8.93,-1.21,-2.07,-7.50
9.48,8.68,8.16,-1.65,-2.15,-7.53
9.46,9.09,7.58,-2.03,-2.29,-7.78
9.84,9.74,6.85,-2.40,-2.51,-8.08
10.39,10.36,5.79,-2.79,-2.69,-8.29
11.47,11.02,5.39,-3.14,-2.74,-8.33
13.41,11.65,5.34,-3.48,-2.62,-8.34
-57.80,-0.92,12.26,8.38,0.00,-8.12
-28.90,-0.46,6.13,-8.34,0.00,-8.12
-57.80,-0.92,12.26,-7.52,0.00,-8.12
16.33,11.05,2.20,-4.06,-1.60,-7.04
16.13,11.03,1.45,-3.98,-1.37,-6.72
15.95,11.24,0.44,-3.91,-1.21,-6.52
15.82,11.20,-1.20,-3.71,-1.04,-6.39
16.02,11.29,-1.63,-3.45,-0.84,-6.10
15.94,11.22,-2.14,-3.18,-0.72,-5.98
16.05,11.32,-2.34,-2.94,-0.71,-5.97
16.20,11.65,-2.67,-2.88,-0.77,-5.92
15.86,11.48,-3.37,-2.91,-0.93,-5.78
15.28,11.17,-4.09,-2.87,-1.16,-5.54
15.29,11.03,-4.08,-2.81,-1.36,-5.26
15.71,11.06,-4.09,-2.95,-1.38,-5.09
15.56,10.92,-4.92,-3.14,-1.30,-4.90
15.02,10.48,-5.94,-2.97,-1.32,-4.69
13.95,9.70,-6.71,-2.53,-1.53,-4.53
13.10,9.52,-6.65,-1.96,-1.82,-4.46
12.85,9.76,-5.96,-1.57,-1.77,-4.34
13.25,9.96,-5.04,-1.58,-1.16,-4.21
13.49,9.50,-4.25,-1.79,-0.35,-4.25
13.65,8.94,-3.34,-1.70,0.19,-4.42
13.84,8.24,-2.60,-1.41,0.39,-4.65
14.16,8.24,-1.93,-0.92,0.47,-4.88
14.83,8.05,-0.60,-0.28,0.75,-5.02
15.44,8.02,1.22,0.19,1.40,-4.98
16.21,7.92,3.40,0.63,2.38,-4.97
17.04,8.00,5.94,1.03,3.29,-5.05
17.95,8.29,7.92,1.20,3.65,-5.06
19.68,8.24,9.96,1.37,3.59,-5.19
21.90,8.75,12.28,1.36,3.30,-5.10
23.85,8.28,14.89,0.79,2.87,-4.70
25.43,7.31,15.96,-0.42,2.05,-4.13
26.40,6.76,13.99,-1.76,1.14,-3.62
27.76,6.42,11.07,-2.46,0.76,-3.08
29.17,6.70,7.99,-2.63,1.03,-2.25
30.57,6.33,6.36,-2.37,1.86,-1.32
31.77,7.48,6.56,-1.70,2.99,-0.39
31.89,9.73,8.80,-0.99,4.90,0.91
30.68,11.98,12.20,-0.67,7.12,2.02
29.89,13.82,16.39,-0.82,8.73,2.32
29.72,18.34,20.20,-1.76,8.73,2.30
30.10,22.77,22.40,-3.01,8.73,2.32
30.49,28.79,23.38,-4.02,8.73,2.32
31.03,35.68,24.18,-5.02,8.73,2.25
31.35,40.82,25.48,-5.88,8.73,1.90
30.84,47.14,26.60,-6.70,8.73,1.51
29.63,51.67,27.23,-7.65,8.73,0.96
30.47,55.99,28.34,-8.51,8.73,-0.10
33.44,61.95,28.33,-8.73,8.73,-0.96
40.31,67.01,27.42,-8.73,5.67,-1.33
45.74,76.90,23.71,-8.73,2.46,-0.47
-57.80,-0.92,12.26,4.97,0.00,-8.12
38.31,78.45,14.74,-8.73,2.90,3.24
29.23,78.45,12.59,-8.73,4.08,4.51
20.52,78.45,11.00,-8.73,5.20,4.35
22.52,78.45,7.66,-8.73,6.06,2.40
32.10,78.45,1.93,-8.73,6.91,1.42
74.61,156.90,-4.91,-0.00,-0.00,-0.00
26.69,78.45,-9.10,-8.73,4.35,3.61
15.89,78.45,-14.58,-8.73,1.22,3.53
-57.80,-0.92,12.26,-17.22,0.00,-32.42
-28.90,-0.46,6.13,-3.56,0.00,-8.12
5.85,68.48,-13.97,-8.73,0.20,2.90
5.02,61.97,-16.03,-8.73,-1.07,2.37
3.57,55.03,-17.99,-8.73,-1.63,2.77
2.38,49.31,-18.67,-8.73,-1.80,3.19
0.98,43.85,-17.37,-7.78,-1.84,3.62
-0.40,39.47,-14.76,-6.28,-1.57,3.77
-57.80,-0.92,12.26,11.12,0.00,-32.42
-57.80,-0.92,12.26,14.11,0.00,-32.42
-3.17,34.09,-11.98,-4.66,-1.06,3.89
-6.93,29.57,-9.33,-4.70,0.09,4.25
-7.01,26.53,-9.37,-4.59,-0.31,3.92
-57.80,-0.92,12.26,28.28,0.00,-32.42
-9.84,26.14,-8.69,-3.89,0.55,4.46
-12.88,24.80,-7.23,-3.43,0.26,4.04
-14.56,22.56,-7.66,-2.93,-0.36,3.35
-14.76,20.68,-7.97,-2.33,-0.75,2.68
-14.20,18.75,-7.79,-1.68,-0.77,2.31
-13.30,17.89,-6.21,-1.03,-0.80,1.99
-13.77,17.03,-4.39,-0.78,-0.63,1.85
-15.27,14.89,-4.18,-0.99,-0.55,1.66
-15.84,13.08,-4.31,-1.10,-0.85,1.18
-15.70,12.04,-4.91,-1.12,-1.47,0.52
-15.26,11.34,-4.80,-0.93,-2.19,0.04
-15.13,11.36,-4.62,-0.64,-2.80,-0.26
-14.86,10.87,-3.46,-0.32,-3.10,-0.65
-14.23,10.35,-2.15,-0.02,-3.10,-1.28
-13.29,10.56,-0.81,0.12,-3.09,-1.97
-11.94,10.45,0.51,0.22,-3.24,-2.83
-9.62,10.93,1.70,0.36,-3.33,-3.67
-7.18,12.30,3.27,0.49,-3.20,-4.22
-4.65,13.24,4.77,0.53,-2.94,-4.68
-2.35,13.76,5.89,0.53,-2.66,-5.21
-0.34,13.70,6.39,0.51,-2.39,-5.73
1.82,14.16,7.27,0.42,-2.09,-6.11
3.69,14.33,7.90,0.19,-2.10,-6.34
5.68,14.13,8.56,-0.06,-2.40,-6.61
7.95,14.49,8.93,-0.33,-2.89,-6.82
9.48,14.33,8.81,-0.65,-3.34,-6.84
10.64,13.99,8.72,-0.93,-3.66,-6.86
11.43,13.24,8.18,-1.24,-3.95,-6.98
12.30,12.82,7.61,-1.58,-4.09,-7.15
12.93,12.43,6.97,-1.96,-4.02,-7.25
13.57,12.41,6.00,-2.38,-3.79,-7.28
14.36,12.17,5.29,-2.67,-3.50,-7.30
14.85,12.32,4.72,-2.95,-3.18,-7.24
15.48,12.58,4.23,-3.27,-2.88,-7.18
16.35,12.66,2.98,-3.59,-2.68,-7.11
17.15,11.95,1.48,-3.78,-2.64,-6.99
17.93,11.40,0.70,-3.82,-2.80,-6.92
18.65,11.45,0.07,-4.03,-3.19,-6.92
19.18,11.72,-0.76,-4.44,-3.52,-6.82
19.64,12.07,-2.41,-4.95,-3.59,-6.53
19.82,12.12,-4.22,-5.33,-3.28,-6.14
19.61,12.07,-5.76,-5.51,-2.61,-5.76
18.95,11.79,-7.18,-5.49,-1.64,-5.40
18.16,11.65,-7.82,-5.23,-0.67,-5.12
17.48,11.19,-7.64,-4.88,-0.11,-5.01
16.76,11.00,-7.43,-4.63,0.14,-5.06
16.71,11.04,-6.92,-4.50,0.20,-5.23
16.58,11.04,-6.85,-4.53,0.19,-5.51
16.87,11.59,-6.97,-4.58,0.06,-5.79
17.70,11.58,-7.30,-4.59,-0.23,-6.04
18.14,11.78,-8.16,-4.61,-0.41,-5.96
17.66,11.71,-8.80,-4.44,-0.65,-5.61
17.24,11.38,-8.83,-4.22,-1.13,-5.51
17.56,11.05,-8.50,-4.27,-1.65,-5.78
17.78,11.34,-9.28,-4.63,-2.25,-6.05
18.20,11.25,-11.40,-4.81,-2.90,-6.04
18.44,10.80,-13.03,-4.58,-3.25,-5.81
18.45,10.36,-14.08,-4.14,-2.98,-5.17
17.62,9.18,-14.22,-3.75,-2.09,-4.28
16.68,7.54,-13.74,-3.28,-1.18,-4.06
16.12,6.21,-12.71,-2.59,-0.43,-4.24
16.28,4.99,-10.81,-2.02,0.02,-4.24
16.10,3.28,-8.70,-1.75,-0.01,-4.14
16.49,1.50,-6.99,-1.55,-0.37,-4.23
17.90,0.58,-5.45,-1.50,-0.23,-4.24
19.20,-0.48,-4.30,-1.63,0.42,-4.17
21.56,-1.88,-3.20,-1.48,1.10,-4.45
24.19,-1.81,-2.16,-1.03,1.69,-4.74
26.48,-1.81,-0.74,-0.52,2.12,-4.71
28.95,-1.37,1.44,-0.01,2.66,-4.39
30.97,-0.03,4.16,0.17,3.63,-3.72
31.30,0.70,6.21,0.15,4.50,-3.05
30.81,2.96,8.51,0.22,5.16,-2.88
30.96,6.55,10.71,0.11,5.75,-3.12
31.39,10.90,14.05,-0.40,6.11,-3.30
34.57,14.62,16.81,-1.74,5.19,-3.54
40.13,21.43,15.56,-3.61,3.44,-2.68
43.99,25.70,10.55,-4.76,2.13,-0.57
43.26,30.93,4.38,-5.18,1.64,2.15
41.56,35.07,-2.68,-5.29,1.18,4.23
43.94,39.11,-10.08,-5.47,1.25,5.18
44.97,46.58,-14.88,-4.92,1.31,7.00
40.67,52.03,-13.85,-3.04,2.16,8.73
36.99,56.61,-10.67,-2.45,2.99,8.73
35.49,62.45,-12.51,-3.21,3.43,8.73
36.21,70.67,-16.47,-3.78,2.78,8.73
37.37,78.45,-21.16,-3.17,0.42,8.73
37.24,78.45,-23.52,-1.36,-0.93,8.73
33.53,78.45,-18.17,1.10,-0.74,8.73
31.09,78.45,-7.45,2.91,0.88,8.73
31.22,78.45,1.87,2.74,3.66,8.73
28.82,78.45,3.32,0.42,5.95,8.73
24.83,78.45,-3.57,-1.53,5.96,8.73
13.13,78.45,-13.30,-3.24,5.20,8.73
-4.80,78.45,-15.28,-3.10,3.44,8.73
-17.32,78.45,-8.68,-1.82,0.90,8.73
-20.45,76.87,-4.69,-1.22,-0.85,8.73
-17.19,64.23,-5.18,-1.21,-0.90,8.73
-13.53,56.04,-4.01,-0.50,-0.02,8.73
-11.33,49.43,-0.61,0.36,0.23,8.73
-8.79,44.04,1.79,0.47,-0.32,8.28
-6.61,40.35,1.68,0.20,-0.70,7.90
-5.99,38.04,1.72,0.16,-0.68,7.61
-5.28,35.59,2.54,0.38,-0.48,7.19
-4.58,34.78,3.60,0.59,-0.03,7.02
-5.35,33.90,5.14,0.65,0.30,7.00
-7.70,32.04,6.77,0.56,0.35,7.03
-10.48,29.68,7.69,0.21,0.10,6.88
-11.78,27.62,8.25,-0.08,-0.36,6.44
-11.90,25.68,8.17,-0.39,-0.61,5.81
-11.02,23.86,7.66,-0.50,-0.43,5.11
-10.19,22.22,7.49,-0.39,0.04,4.60
-10.30,20.81,7.79,-0.32,0.57,4.32
-10.33,18.91,8.37,-0.31,0.85,3.95
-10.17,17.42,8.97,-0.35,0.71,3.43
-10.11,15.88,8.90,-0.57,0.36,2.96
-9.89,14.13,8.80,-0.82,-0.05,2.41
-9.56,12.70,8.35,-1.06,-0.41,1.86
-9.17,11.18,7.86,-1.23,-0.65,1.32
-8.57,10.30,7.44,-1.33,-0.66,0.83
-8.58,9.39,7.29,-1.34,-0.49,0.46
-8.26,7.99,7.24,-1.28,-0.44,-0.09
-7.46,7.16,7.63,-1.22,-0.61,-0.79
-6.73,6.54,7.47,-1.35,-0.80,-1.26
-5.84,5.96,7.05,-1.56,-1.05,-1.71
-4.91,5.24,6.58,-1.63,-1.23,-2.24
-4.05,5.24,6.17,-1.74,-1.19,-2.69
-2.99,5.19,6.17,-1.84,-1.06,-3.17
-2.23,5.11,6.20,-1.93,-1.02,-3.76
-0.97,5.64,6.12,-2.03,-0.90,-4.34
0.69,6.25,6.11,-2.09,-0.56,-4.83
2.40,6.80,6.06,-2.09,-0.11,-5.23
3.70,6.89,6.28,-2.04,0.27,-5.59
5.11,7.42,6.79,-2.09,0.37,-5.76
6.02,7.61,7.20,-2.28,0.28,-5.87
7.29,8.09,7.45,-2.56,0.16,-6.06
8.08,8.23,6.68,-2.78,0.37,-6.33
8.55,8.46,5.99,-2.75,0.85,-6.62
9.06,8.54,5.30,-2.50,1.57,-6.90
9.52,8.83,5.42,-2.17,2.28,-7.01
9.35,8.99,6.06,-1.97,2.54,-7.08
9.35,9.17,6.46,-1.85,2.43,-7.29
9.68,9.63,6.31,-1.80,2.29,-7.54
10.07,10.33,6.24,-1.67,2.22,-7.70
10.59,10.57,6.00,-1.36,2.00,-7.82
11.02,11.08,6.00,-1.12,1.74,-7.85
11.24,11.41,6.10,-1.01,1.58,-7.79
11.28,11.94,6.38,-1.08,1.39,-7.80
11.35,12.07,6.30,-1.31,1.06,-7.92
11.61,12.49,5.89,-1.50,0.67,-8.11
13.00,13.30,5.69,-1.62,0.20,-8.27
14.52,13.16,5.79,-1.48,-0.45,-8.42
15.40,13.34,5.06,-1.35,-1.12,-8.39
15.77,13.25,4.20,-1.33,-1.79,-8.12
15.25,13.10,2.89,-1.43,-2.25,-7.79
14.54,13.00,1.64,-1.56,-2.43,-7.66
14.74,13.67,0.83,-1.62,-2.47,-7.66
15.72,14.34,0.77,-1.74,-2.58,-7.63
16.64,14.51,-0.05,-1.92,-2.77,-7.44
16.84,14.32,-2.19,-1.93,-3.11,-7.04
15.95,13.77,-4.69,-1.54,-3.47,-6.60
15.12,13.70,-5.87,-0.95,-3.65,-6.23
14.10,13.93,-5.41,-0.50,-3.54,-5.97
14.49,14.13,-5.35,-0.44,-3.34,-5.98
15.65,14.31,-6.30,-0.19,-3.22,-6.15
16.34,14.18,-7.70,0.32,-2.94,-6.09
16.74,13.80,-7.96,1.00,-2.37,-5.79
16.11,13.58,-7.45,1.47,-1.83,-5.40
14.96,12.97,-6.25,1.71,-1.53,-5.09
14.90,12.42,-4.09,1.76,-1.45,-5.35
14.98,13.05,-2.76,1.48,-1.22,-5.38
15.29,12.49,-1.66,1.40,-0.91,-5.54
16.02,13.33,-0.58,1.91,-0.54,-5.91
17.21,14.54,0.48,2.81,-0.33,-6.25
19.79,14.97,3.58,3.79,-0.02,-6.37
20.14,15.09,7.08,3.86,0.47,-5.75
20.40,14.19,10.69,3.10,0.73,-5.19
21.55,13.23,12.87,2.28,0.38,-5.24
23.06,13.16,12.81,1.25,0.09,-5.08
24.27,12.22,12.39,0.37,0.32,-4.56
25.18,11.72,12.25,-0.25,0.42,-4.11
26.13,11.06,13.00,-0.67,0.76,-3.92
28.68,12.97,14.27,-1.08,1.48,-3.77
30.77,14.88,14.74,-1.38,3.04,-3.14
29.91,18.89,16.01,-1.59,4.83,-1.99
27.35,21.32,17.61,-2.21,5.58,-0.92
26.15,23.38,16.31,-3.20,5.16,-0.69
27.28,27.21,13.33,-4.16,4.97,-0.53
27.88,32.39,8.45,-5.07,5.63,0.06
27.52,36.19,4.40,-5.65,7.03,0.55
6.70,9.78,0.52,-6.11,8.32,0.60
26.92,44.32,1.48,-6.63,8.73,0.25
27.91,49.05,0.96,-7.30,8.73,-0.21
29.58,54.36,0.18,-7.92,8.73,-0.60
33.69,57.01,-0.16,-8.54,8.73,-1.02
40.39,59.79,-1.43,-8.73,8.73,-1.62
47.14,64.19,-3.14,-8.73,8.73,-1.73
50.51,70.94,-3.34,-8.73,8.73,-0.68
48.24,78.30,-2.86,-8.73,6.73,0.94
44.15,78.45,-6.04,-8.73,3.95,2.50
36.82,78.45,-11.96,-8.73,1.88,4.48
26.36,78.45,-15.68,-8.73,1.45,6.05
22.97,78.45,-17.13,-8.73,2.68,5.65
26.74,78.45,-23.17,-8.73,5.57,4.91
24.03,78.45,-27.83,-8.73,8.73,4.96
20.29,78.45,-26.91,-8.73,8.55,4.36
16.62,78.45,-24.59,-8.73,3.76,4.17
11.03,76.17,-26.27,-8.73,-0.90,4.65
5.25,70.92,-27.64,-8.73,-1.63,5.50
2.47,66.08,-26.13,-8.73,1.00,5.55
3.21,61.26,-23.77,-8.73,3.71,4.86
3.30,58.10,-21.69,-8.59,4.35,4.52
0.85,54.23,-22.99,-8.73,2.79,4.52
-0.28,49.23,-26.69,-8.65,0.59,4.50
-1.84,46.03,-27.53,-7.21,-0.22,5.02
-4.46,42.60,-23.08,-5.75,0.18,5.56
-28.90,-0.46,6.13,-0.21,0.00,-8.12
-10.28,36.20,-15.95,-5.13,1.48,4.88
-11.74,28.45,-15.74,-5.55,1.09,3.85
-10.52,31.74,-17.11,-6.02,1.11,4.12
-12.26,27.57,-16.47,-5.60,0.60,3.98
-12.62,26.15,-14.86,-4.73,-0.06,3.58
-12.98,24.44,-12.43,-3.80,-0.24,3.36
-14.69,20.76,-10.94,-3.20,-0.07,3.21
-15.75,17.90,-8.77,-2.96,-0.04,2.89
-16.69,16.57,-7.70,-2.96,-0.30,2.46
-16.67,14.83,-6.87,-2.90,-0.78,1.84
-16.17,13.63,-6.65,-2.55,-1.12,1.20
-15.31,11.59,-6.22,-2.03,-1.19,0.61
-14.40,10.18,-5.26,-1.42,-1.11,0.08
-13.40,8.51,-3.89,-0.97,-1.02,-0.33
-12.90,7.64,-2.65,-0.69,-1.08,-0.65
-12.24,6.63,-1.68,-0.54,-1.36,-0.94
-11.87,6.43,-1.00,-0.42,-1.75,-1.24
-11.48,5.39,-0.71,-0.28,-2.18,-1.72
-10.72,5.45,-0.75,-0.06,-2.44,-2.46
-9.61,5.73,-0.87,0.17,-2.29,-3.05
-8.42,6.18,-0.65,0.41,-1.97,-3.56
-7.35,6.45,-0.61,0.71,-1.73,-4.00
-5.83,7.20,0.04,1.12,-1.73,-4.43
-4.39,8.32,1.43,1.47,-1.79,-4.72
-3.26,9.62,2.99,1.56,-1.90,-4.89
-2.37,10.65,4.48,1.41,-2.19,-5.10
-1.24,11.21,5.41,1.24,-2.51,-5.47
0.37,12.49,5.95,1.04,-2.84,-5.87
2.63,13.51,7.11,0.97,-2.93,-6.28
4.53,14.43,8.01,1.00,-2.80,-6.56
6.01,14.16,9.03,1.08,-2.60,-6.80
7.10,14.09,10.12,0.97,-2.56,-6.93
7.52,14.10,10.84,0.52,-2.73,-7.05
8.07,13.87,10.48,-0.20,-3.08,-7.26
8.43,13.87,9.32,-0.83,-3.41,-7.56
8.89,14.27,7.63,-1.30,-3.53,-7.83
9.81,14.92,6.39,-1.54,-3.34,-8.13
10.72,15.42,5.98,-1.58,-2.87,-8.34
11.71,15.94,6.23,-1.63,-2.38,-8.49
12.67,16.33,6.67,-1.83,-1.98,-8.59
13.60,16.65,6.84,-2.14,-1.72,-8.57
14.09,16.98,6.90,-2.55,-1.75,-8.49
14.55,16.99,5.88,-3.02,-2.08,-8.46
15.40,17.46,4.90,-3.39,-2.54,-8.45
16.29,17.62,3.99,-3.63,-3.06,-8.49
16.90,17.78,2.35,-3.83,-3.45,-8.38
17.61,17.82,1.54,-4.01,-3.66,-8.23
17.49,18.30,0.16,-4.39,-3.63,-7.95
16.94,18.33,-1.58,-4.73,-3.48,-7.55
16.42,18.23,-3.34,-4.85,-3.42,-7.22
16.70,18.27,-4.12,-4.80,-3.52,-7.12
17.65,18.75,-5.24,-4.80,-3.60,-7.09
17.92,18.57,-6.70,-4.76,-3.63,-6.97
17.46,17.71,-8.43,-4.53,-3.66,-6.63
16.69,16.98,-9.32,-4.17,-3.58,-6.12
16.35,16.23,-9.24,-3.88,-3.34,-5.70
16.71,15.68,-8.17,-3.92,-2.77,-5.25
16.56,15.16,-7.92,-4.41,-2.18,-4.77
16.01,14.43,-7.74,-4.71,-2.28,-4.56
15.33,13.54,-7.97,-4.84,-3.31,-4.57
14.99,13.10,-8.36,-4.88,-4.78,-4.51
14.47,13.22,-9.30,-4.92,-5.71,-4.15
14.52,13.01,-9.87,-4.97,-5.82,-3.54
15.67,12.28,-10.29,-5.11,-4.98,-2.82
16.81,11.49,-11.51,-5.43,-3.53,-1.96
17.41,9.29,-12.88,-5.91,-2.09,-1.47
18.10,7.91,-15.50,-6.18,-1.34,-1.44
18.84,6.26,-18.30,-5.76,-0.86,-1.43
19.92,5.32,-19.75,-4.57,-0.17,-1.41
20.00,4.08,-20.39,-3.35,0.76,-1.05
20.06,1.44,-19.86,-2.51,1.51,-0.93
21.92,-0.27,-19.38,-1.89,1.90,-1.31
26.88,-3.12,-21.00,-1.67,1.74,-1.48
32.17,-8.17,-25.91,-1.90,1.35,-1.04
34.96,-9.33,-33.44,-3.27,0.73,0.40
34.35,1.94,-35.53,-3.78,-1.72,2.45
30.29,1.66,-40.40,-0.19,-3.81,3.06
27.22,6.97,-40.94,3.86,-2.46,3.06
-28.90,-0.46,6.13,3.54,0.00,-8.12
-28.90,-0.46,6.13,4.36,0.00,-8.12
30.81,19.91,-28.31,5.88,1.14,3.72
-28.90,-0.46,6.13,6.06,0.00,-8.12
33.92,31.44,-30.39,4.99,-1.42,4.83
33.31,38.26,-33.85,4.83,-2.55,5.28
62.24,96.16,-74.81,5.60,-3.12,5.71
-28.90,-0.46,6.13,-7.79,0.00,-8.12
26.65,61.69,-40.40,8.27,-3.91,5.50
-28.90,-0.46,6.13,-6.08,0.00,-8.12
30.88,77.97,-36.86,8.73,-3.94,4.56
34.84,78.45,-0.00,-0.00,-0.00,-0.00
38.74,78.45,-30.06,8.73,-3.97,4.04
43.58,78.45,-31.70,8.73,-3.74,3.58
50.48,78.45,-34.35,8.73,-2.32,3.70
53.30,78.45,-30.29,-0.07,-0.07,-0.27
40.95,78.45,-19.83,-0.07,-0.07,-0.07
-57.80,-0.92,12.26,1.29,0.00,-8.12
6.61,78.45,-7.69,8.73,-1.56,5.95
5.39,78.45,-2.33,8.73,0.64,3.84
10.57,78.45,6.05,8.73,3.65,3.06
10.35,67.49,10.24,8.73,4.16,3.91
-28.90,-0.46,6.13,23.12,0.00,-32.42
11.60,52.23,8.64,8.73,1.37,4.35
16.45,43.03,-0.73,4.88,-1.90,4.98
17.17,42.65,-2.82,4.70,-2.02,5.14
15.95,41.28,-0.77,5.50,-1.61,5.29
11.44,38.46,2.68,5.97,-1.32,5.41
7.98,35.10,4.92,5.93,-1.44,4.92
6.67,32.97,4.67,5.82,-1.34,4.26
6.81,30.52,5.30,5.98,-0.56,3.69
6.48,31.02,8.16,6.33,0.68,3.37
6.22,29.66,11.21,6.51,1.63,3.13
5.04,28.62,14.09,6.10,2.18,3.01
3.35,25.68,14.73,5.05,1.77,3.10
1.89,24.01,13.97,3.94,0.86,3.05
0.67,23.03,12.87,3.25,0.16,2.94
0.51,21.34,12.40,3.00,0.52,2.58
0.43,20.11,13.08,2.83,1.43,2.12
0.67,18.10,13.42,2.35,2.26,1.49
1.31,16.18,13.55,1.65,2.49,0.99
-28.90,-0.46,6.13,5.86,0.00,-8.12
2.24,14.22,11.74,0.29,1.45,0.73
-28.90,-0.46,6.13,7.63,0.00,-8.12
1.31,12.62,9.39,-0.38,0.37,0.63
1.29,23.65,18.22,-0.54,0.41,0.45
-0.01,10.81,9.30,-0.75,0.43,0.03
0.10,10.53,9.58,-0.07,-0.07,-0.07
0.11,10.40,9.13,-1.55,0.34,-0.94
0.76,9.98,8.29,-1.88,0.22,-1.45
1.37,10.15,7.68,-2.01,0.17,-1.89
1.83,10.24,7.33,-2.11,0.37,-2.25
2.35,10.35,7.69,-2.27,0.60,-2.75
3.09,10.67,7.86,-2.50,0.74,-3.30
4.52,11.18,7.77,-2.91,1.03,-3.79
5.95,11.73,7.37,-3.41,1.27,-4.27
7.41,11.99,6.98,-3.72,1.35,-4.82
8.91,12.57,7.10,-4.00,1.40,-5.28
10.41,13.37,7.32,-4.46,1.25,-5.59
11.46,13.92,7.12,-4.91,1.12,-5.81
11.95,14.06,6.07,-5.15,1.12,-6.06
12.05,14.62,5.04,-5.10,1.38,-6.42
12.64,14.73,4.23,-4.85,2.01,-6.79
13.36,15.15,3.33,-4.40,3.04,-7.15
14.33,15.09,4.36,-3.85,3.76,-7.38
14.97,15.13,5.23,-3.65,3.67,-7.56
15.61,15.39,5.50,-3.66,2.96,-7.68
16.06,15.54,4.94,-3.68,1.83,-7.77
16.61,15.28,3.64,-3.56,0.82,-7.90
17.60,15.26,2.44,-3.18,0.27,-8.05
19.27,15.44,2.28,-2.68,0.41,-8.04
20.26,15.16,2.76,-2.42,0.99,-7.70
20.31,14.77,3.29,-2.37,1.59,-7.11
19.52,13.56,3.17,-2.27,1.71,-6.67
18.85,13.00,2.94,-2.04,1.32,-6.52
18.05,12.76,2.73,-1.89,0.77,-6.33
17.34,12.54,2.34,-1.81,0.20,-6.32
17.08,12.33,1.57,-1.73,-0.27,-6.53
17.68,12.38,1.06,-1.64,-0.55,-6.75
18.35,12.61,0.57,-1.73,-0.58,-6.69
18.45,12.44,-0.23,-1.82,-0.58,-6.43
18.48,12.11,-0.74,-1.80,-0.64,-6.14
18.45,11.84,-1.45,-1.72,-0.77,-5.96
18.14,11.50,-1.92,-1.61,-0.89,-5.89
17.67,11.24,-2.54,-1.48,-1.07,-5.89
17.32,11.41,-2.89,-1.43,-1.27,-5.85
17.16,11.35,-3.53,-1.45,-1.41,-5.85
17.17,11.19,-4.32,-1.39,-1.43,-5.91
17.87,11.21,-4.24,-1.31,-1.33,-5.95
18.25,10.94,-4.32,-1.37,-1.23,-5.80
18.14,10.39,-4.48,-1.39,-1.43,-5.66
17.61,9.92,-4.71,-1.37,-1.99,-5.60
16.79,9.34,-5.21,-1.36,-2.76,-5.51
16.09,9.16,-5.64,-1.36,-3.36,-5.48
15.69,9.17,-5.71,-1.38,-3.60,-5.49
15.75,9.10,-5.15,-1.46,-3.64,-5.46
16.05,8.85,-4.62,-1.63,-3.57,-5.44
15.87,8.39,-4.32,-1.71,-3.39,-5.34
15.23,7.90,-3.91,-1.67,-3.21,-5.25
14.62,7.38,-3.25,-1.47,-3.08,-5.44
14.99,7.40,-1.93,-1.36,-2.88,-5.77
16.59,7.16,-0.64,-1.55,-2.19,-5.89
17.65,7.24,0.56,-1.83,-1.46,-5.76
19.09,6.25,1.16,-1.76,-1.15,-5.90
22.34,5.88,2.77,-1.43,-0.64,-6.16
26.64,5.91,4.54,-1.01,0.35,-5.99
30.83,4.46,6.63,-0.64,1.32,-5.29
34.96,2.96,9.65,-0.30,2.07,-4.45
38.19,0.98,13.41,-0.38,2.29,-3.53
40.63,0.08,14.89,-1.10,1.74,-2.55
43.09,0.30,12.72,-1.94,0.58,-1.49
46.17,0.57,9.37,-2.42,-0.03,-0.31
49.61,2.29,6.55,-2.35,0.40,0.84
53.66,6.46,4.21,-1.94,1.60,2.36
56.62,11.19,2.98,-1.38,3.23,4.14
57.63,18.02,1.97,-1.22,4.51,5.65
57.00,26.34,1.16,-1.35,4.78,7.19
55.33,33.79,0.29,-1.54,3.45,8.10
53.46,42.79,-2.35,-1.92,2.06,8.73
52.23,50.63,-7.21,-2.32,1.91,8.73
53.67,56.64,-12.10,-2.05,2.66,8.73
56.41,62.98,-13.58,-1.17,3.73,8.73
57.18,72.46,-11.43,-0.41,4.32,8.73
55.71,78.42,-9.03,-0.77,3.28,8.73
53.94,78.45,-13.47,-1.26,1.28,8.73
-28.90,-0.46,6.13,-3.35,0.00,-8.12
-28.90,-0.46,6.13,-2.53,0.00,-8.12
55.88,78.45,-28.78,2.56,5.76,8.73
55.39,78.45,-22.40,2.58,8.73,8.73
51.17,78.45,-18.67,0.83,7.89,8.73
41.08,78.45,-23.87,-1.26,4.87,8.73
30.54,78.45,-27.21,-2.44,1.97,8.73
15.44,78.45,-28.94,-1.17,-0.46,8.73
-0.03,78.45,-24.39,0.47,-0.80,8.73
-7.06,68.24,-21.80,1.04,-0.17,8.73
-5.48,56.74,-20.46,1.27,0.95,8.73
-1.13,49.09,-15.76,1.68,2.16,8.73
0.79,45.94,-8.13,1.78,2.42,8.73
2.49,41.03,-1.63,1.53,1.51,7.86
5.22,38.01,1.92,0.86,0.32,7.17
5.32,36.55,2.84,0.37,-0.54,6.91
4.43,34.53,2.51,0.21,-0.95,6.32
3.64,33.38,2.20,0.27,-0.69,5.87
2.68,32.44,2.03,0.39,-0.12,5.56
1.11,31.59,1.73,0.65,0.71,5.30
-1.20,30.57,1.95,0.95,1.57,5.15
-4.46,29.99,2.65,1.04,2.20,4.99
-8.51,28.82,3.81,1.08,2.34,4.67
-10.86,27.41,4.98,1.13,2.12,4.09
-11.47,26.78,5.87,1.14,2.06,3.45
-10.63,26.14,6.76,1.14,2.31,2.79
-10.18,25.31,7.36,1.09,3.01,2.32
-10.12,23.78,7.57,0.82,3.56,1.95
-10.38,21.19,7.08,0.37,3.65,1.40
-10.33,18.43,5.50,-0.17,3.00,0.82
-9.69,17.12,4.52,-0.64,2.04,0.33
-28.90,-0.46,6.13,7.84,0.00,-8.12
-8.34,14.40,3.04,-0.07,-0.07,-0.07
-7.46,13.44,2.61,-1.54,-0.80,-1.11
-6.56,12.75,2.66,-1.66,-1.24,-1.55
-5.62,12.21,2.96,-1.68,-1.33,-2.04
-4.35,11.73,3.40,-1.66,-1.11,-2.55
-3.08,11.39,3.95,-1.61,-0.72,-3.08
-1.64,11.15,4.52,-1.58,-0.38,-3.66
-0.69,11.19,4.77,-1.61,-0.21,-4.19
0.26,10.96,4.77,-1.62,-0.35,-4.69
1.47,11.19,4.63,-1.66,-0.77,-5.18
2.60,11.28,4.62,-1.74,-1.15,-5.49
3.61,11.28,4.65,-1.86,-1.43,-5.79
4.54,11.43,4.64,-2.01,-1.59,-6.13
5.61,11.59,4.28,-2.06,-1.66,-6.57
7.06,11.99,4.54,-2.00,-1.63,-7.00
8.37,12.67,5.32,-2.11,-1.50,-7.22
8.91,12.52,5.40,-2.38,-1.46,-7.26
10.41,12.90,5.74,-2.69,-1.56,-7.58
11.75,12.97,5.66,-2.86,-1.74,-7.89
13.00,12.28,5.25,-3.02,-1.83,-8.08
13.95,11.74,5.03,-3.32,-1.91,-8.37
15.22,12.01,4.37,-3.69,-1.77,-8.72
16.52,12.84,4.07,-3.96,-1.60,-8.73
18.67,13.27,4.04,-4.16,-1.63,-8.73
19.78,13.18,3.52,-4.34,-2.06,-8.73
20.42,13.53,2.67,-4.68,-2.69,-8.61
21.21,14.50,1.04,-5.20,-3.33,-8.50
21.56,15.52,-1.76,-5.97,-3.10,-8.17
21.16,15.78,-3.92,-6.32,-2.46,-7.81
19.86,17.18,-6.73,-6.19,-1.87,-7.56
19.09,16.44,-6.88,-6.02,-1.63,-7.30
18.42,16.99,-6.61,-5.83,-1.94,-7.28
18.69,17.90,-6.60,-5.99,-2.32,-7.18
19.18,18.71,-8.02,-6.31,-1.65,-6.78
18.78,18.62,-9.52,-6.18,-0.64,-6.54
18.03,18.44,-9.96,-5.58,0.11,-6.44
17.53,17.81,-9.95,-4.85,0.03,-6.43
17.59,17.80,-9.21,-4.29,-0.84,-6.53
18.33,17.57,-9.15,-4.22,-2.04,-6.69
19.55,17.47,-8.75,-4.57,-2.93,-6.72
20.16,17.65,-9.25,-5.22,-3.08,-6.09
18.55,16.33,-10.77,-5.66,-2.84,-5.22
16.33,15.12,-12.01,-5.43,-2.60,-4.97
15.65,14.05,-12.62,-4.73,-2.16,-5.14
15.52,13.92,-12.46,-3.73,-1.38,-5.32
16.81,13.60,-11.10,-2.90,-0.17,-5.22
18.09,13.69,-8.82,-2.53,1.07,-4.86
18.52,12.03,-7.10,-2.41,1.75,-4.51
18.75,11.04,-6.30,-2.41,1.44,-4.71
20.26,10.04,-5.54,-2.33,1.05,-4.84
22.25,9.54,-5.56,-2.03,0.74,-4.79
23.56,7.96,-4.62,-1.67,0.86,-4.25
23.84,6.66,-3.51,-1.52,0.98,-3.76
24.12,4.36,-2.21,-1.65,0.84,-3.52
25.48,3.39,-2.99,-1.89,0.41,-3.36
28.02,2.12,-4.45,-2.00,0.12,-2.95
31.08,-0.18,-6.96,-1.89,0.13,-2.34
35.14,-1.51,-10.20,-1.58,0.42,-1.53
39.05,-4.07,-12.56,-1.25,0.91,-0.48
41.73,-5.05,-16.45,-1.24,1.39,0.91
42.95,-2.05,-17.43,-1.10,1.21,2.17
44.29,0.10,-17.96,-0.05,1.11,3.07
45.84,1.55,-17.60,0.71,1.87,3.97
49.03,5.97,-17.64,0.44,2.44,4.58
53.67,15.10,-18.03,0.14,2.30,5.33
57.18,26.24,-20.83,0.23,1.60,6.80
57.67,37.09,-24.41,0.63,0.65,8.37
55.83,48.00,-27.59,1.22,-0.11,8.73
53.91,58.95,-29.65,2.50,-0.08,8.73
53.82,69.07,-29.42,4.10,1.24,8.73
54.55,76.57,-28.62,5.45,3.34,8.73
53.97,78.45,-26.43,6.29,5.32,8.73
51.70,78.45,-23.48,5.98,5.54,8.73
50.67,78.45,-24.07,5.10,4.88,8.73
49.56,78.45,-26.76,4.53,4.38,8.73
48.94,78.45,-29.99,4.19,4.43,8.73
53.51,78.45,-31.45,4.54,5.03,8.73
56.31,78.45,-27.58,5.43,6.13,8.73
50.41,78.45,-24.04,4.85,6.78,8.73
-28.90,-0.46,6.13,-4.92,0.00,-8.12
22.89,78.45,-20.26,3.33,5.93,8.73
20.74,78.45,-15.24,2.82,5.64,8.73
21.24,78.45,-11.68,2.05,4.89,8.73
13.80,72.42,-11.13,-0.40,2.29,8.73
14.61,66.26,-14.65,-1.49,-0.90,8.73
15.75,65.64,-16.30,-0.76,-1.53,8.73
15.62,63.10,-12.42,0.82,0.00,8.73
13.97,60.14,-9.08,1.46,1.93,8.73
11.47,55.41,-6.18,1.39,2.68,8.73
7.48,54.69,-3.82,0.83,2.30,8.73
4.07,51.47,-3.56,0.47,0.88,8.73
2.63,51.14,-2.83,0.35,-0.24,8.73
1.74,49.83,-1.73,0.77,0.01,8.73
-0.12,49.02,0.04,1.21,1.03,8.51
-5.83,46.07,1.07,0.96,1.84,8.21
-9.94,41.83,1.01,0.31,1.51,7.48
-11.03,39.23,-0.05,0.17,0.68,6.44
-9.44,36.26,-0.67,0.60,0.45,5.50
-8.37,34.62,0.86,1.14,1.32,4.98
-8.45,32.23,3.03,1.44,2.23,4.47
-10.01,29.23,4.28,1.30,2.61,3.89
-10.96,25.83,4.74,0.80,2.06,3.30
-11.29,23.67,4.87,0.28,1.21,2.67
-10.54,21.44,4.54,-0.15,0.37,1.90
-9.82,19.23,4.15,-0.31,-0.07,1.17
-9.36,17.66,4.23,-0.36,-0.33,0.54
-8.54,15.29,4.50,-0.35,-0.54,-0.23
-7.69,14.03,4.95,-0.40,-0.71,-0.91
-6.53,12.62,5.63,-0.54,-0.80,-1.54
-5.09,12.15,6.36,-0.78,-1.00,-2.19
-3.85,11.82,6.58,-1.04,-1.14,-2.84
-2.99,11.40,6.43,-1.25,-1.24,-3.47
-1.78,11.60,6.00,-1.46,-1.40,-4.20
-0.23,11.70,5.52,-1.58,-1.42,-4.85
1.07,11.75,5.66,-1.63,-1.30,-5.32
3.00,12.42,5.97,-1.70,-1.18,-5.86
4.64,12.94,6.38,-1.76,-0.94,-6.41
6.25,13.31,6.38,-1.81,-0.78,-6.86
8.21,13.44,6.47,-1.85,-0.77,-7.23
9.25,13.86,6.69,-2.02,-0.83,-7.43
10.35,13.50,6.72,-2.32,-1.13,-7.62
11.75,14.24,6.03,-2.76,-1.51,-7.75
12.92,13.92,5.13,-3.12,-1.77,-7.75
13.54,13.75,4.35,-3.37,-1.82,-7.79
13.93,13.51,4.00,-3.58,-1.72,-7.95
14.40,13.67,3.99,-3.84,-1.41,-8.17
15.01,13.45,3.73,-4.06,-1.26,-8.40
15.99,13.59,2.57,-4.19,-1.31,-8.53
16.45,12.89,1.70,-4.15,-1.39,-8.30
16.06,12.41,1.24,-4.12,-1.45,-7.90
15.42,11.96,0.70,-4.18,-1.39,-7.57
14.87,11.97,0.51,-4.22,-1.31,-7.42
14.61,12.01,0.38,-4.27,-1.29,-7.44
14.74,12.25,0.51,-4.24,-1.37,-7.63
15.22,13.07,-0.07,-4.23,-1.42,-7.77
15.85,13.55,-0.56,-4.20,-1.28,-7.75
16.92,14.06,-0.81,-4.24,-0.94,-7.56
17.18,14.33,-0.99,-4.40,-0.61,-7.22
17.53,14.60,-1.37,-4.53,-0.64,-7.01
17.23,14.35,-1.60,-4.60,-1.18,-6.99
17.46,15.24,-2.71,-4.79,-1.61,-7.03
17.06,15.77,-4.02,-5.02,-1.55,-7.06
16.64,16.25,-5.58,-5.08,-1.43,-7.15
17.43,16.98,-5.80,-5.03,-1.32,-7.11
17.89,17.57,-6.41,-5.25,-1.09,-6.69
18.24,17.59,-7.38,-5.32,-1.00,-6.36
18.72,17.27,-8.60,-5.08,-1.00,-6.39
18.98,17.21,-10.02,-4.42,-1.04,-6.44
18.99,16.85,-10.37,-3.66,-1.30,-6.36
18.93,16.49,-10.09,-3.23,-1.60,-6.15
18.07,15.86,-9.93,-3.08,-1.82,-5.74
17.11,15.45,-9.52,-3.08,-2.08,-5.56
17.01,15.49,-9.30,-3.21,-2.27,-5.44
17.39,14.88,-9.15,-3.37,-2.48,-5.58
17.98,14.53,-9.92,-3.32,-2.75,-5.79
18.40,14.55,-10.40,-3.02,-2.63,-5.61
18.33,13.84,-9.56,-2.55,-2.27,-5.28
17.45,13.46,-8.13,-2.28,-2.09,-4.89
17.02,12.62,-6.47,-2.26,-2.20,-4.75
16.89,12.01,-4.99,-2.61,-2.19,-4.49
17.16,10.98,-3.96,-3.11,-2.05,-4.27
18.29,9.86,-2.95,-3.36,-2.30,-4.43
20.25,9.08,-3.41,-3.61,-3.09,-4.44
21.64,8.08,-4.86,-3.87,-3.86,-4.07
22.21,7.17,-6.49,-4.01,-4.18,-3.58
22.69,6.00,-8.41,-4.19,-4.00,-2.90
23.03,4.37,-11.30,-4.36,-3.10,-2.10
23.51,3.59,-14.50,-4.34,-2.12,-1.60
24.55,2.17,-18.14,-3.75,-1.39,-1.60
28.56,0.90,-22.38,-2.96,-0.58,-1.54
32.78,-2.64,-27.18,-2.26,0.52,-1.06
37.42,-6.82,-34.93,-2.71,1.58,-0.07
40.40,3.49,-39.07,-3.26,0.10,1.69
40.56,6.18,-45.05,-0.11,-1.61,2.95
36.47,11.04,-46.56,3.10,-0.71,4.41
31.40,15.26,-43.46,3.82,0.21,5.46
-28.90,-0.46,6.13,-1.98,0.00,-8.12
36.37,34.39,-45.96,4.76,-0.92,5.30
37.24,46.71,-51.24,5.65,-1.35,6.60
69.87,-0.62,-0.62,-0.07,-0.07,-0.07
30.69,73.49,-55.95,8.73,-3.83,7.63
26.69,78.45,-53.44,8.73,-4.14,7.22
24.67,78.45,-48.88,8.73,-3.95,6.51
26.26,78.45,-45.62,8.73,-4.85,5.49
30.30,78.45,-44.81,8.73,-5.62,4.48
35.25,78.45,-45.30,8.73,-6.27,3.60
40.94,78.45,-50.74,8.73,-6.44,2.47
-28.90,-0.46,6.13,8.18,0.00,-8.12
48.10,78.45,-49.76,8.73,-3.21,1.57
35.98,78.45,-38.41,8.73,-1.94,2.84
24.40,78.45,-22.47,8.73,-1.92,1.77
10.71,78.45,-1.65,8.73,-0.43,2.43
10.83,78.45,7.85,8.73,-0.51,1.19
18.95,73.26,2.06,8.73,-1.55,0.76
21.29,61.93,-6.67,8.73,-2.60,2.19
20.27,56.56,-13.42,8.61,-3.43,2.43
19.15,55.35,-16.92,8.73,-3.20,1.98
18.79,55.88,-11.43,8.73,-2.19,1.57
17.80,52.80,-3.85,8.73,-2.01,1.46
15.12,48.99,1.92,8.73,-2.03,1.71
12.09,43.12,3.40,8.73,-2.28,1.82
11.42,37.94,2.43,8.15,-2.34,1.43
10.92,35.68,1.68,7.67,-1.75,1.22
11.53,32.11,1.66,7.52,-1.01,0.81
13.09,31.79,2.31,7.40,-0.12,0.39
14.98,30.48,3.27,7.16,0.23,0.35
15.60,29.63,4.34,6.73,0.15,0.73
14.44,28.70,5.38,6.27,-0.00,1.24
12.37,27.61,6.56,5.83,-0.24,1.56
10.54,26.29,9.09,5.63,0.02,1.65
8.77,24.59,11.97,5.20,0.66,1.56
7.36,21.43,12.79,4.13,1.24,1.23
7.00,18.58,12.25,2.96,1.87,0.55
7.24,17.48,11.09,1.97,2.26,0.01
8.48,16.85,10.47,1.13,2.34,-0.30
9.12,16.34,10.52,0.45,2.10,-0.22
9.05,15.58,10.93,-0.23,1.46,0.09
8.65,13.90,11.28,-1.08,0.65,0.42
7.52,12.87,10.76,-2.17,0.35,0.59
6.25,11.94,9.86,-3.20,0.41,0.47
5.94,11.03,8.79,-4.03,0.68,-0.09
6.49,10.83,8.30,-4.65,0.71,-0.85
7.43,10.58,7.30,-5.22,0.27,-1.54
8.97,10.15,5.59,-5.91,0.16,-2.13
10.15,10.11,4.26,-6.69,0.95,-2.37
10.98,10.57,3.21,-7.44,2.34,-2.63
13.01,12.07,2.33,-7.87,3.73,-3.27
15.39,11.38,2.10,-7.75,3.81,-4.00
17.97,11.51,0.70,-7.60,2.86,-4.46
20.75,11.25,-0.51,-7.64,2.48,-4.71
20.01,11.86,-1.42,-8.10,3.50,-4.51
18.66,11.90,-2.20,-8.14,4.60,-4.10
18.48,11.17,-2.58,-7.48,5.07,-4.20
19.83,12.07,-1.90,-6.35,4.86,-4.98
21.31,9.67,-1.13,-5.36,4.60,-6.08
21.53,11.74,-0.51,-4.91,4.52,-6.87
21.02,13.42,0.35,-5.21,4.29,-7.41
22.35,15.06,0.38,-5.79,3.65,-7.76
23.79,15.70,-0.66,-6.20,2.76,-7.86
24.87,16.26,-2.51,-6.32,2.06,-7.73
25.67,16.12,-4.24,-6.14,1.95,-7.62
24.66,16.69,-4.74,-5.94,2.25,-7.40
24.13,16.85,-4.88,-5.82,2.61,-6.97
23.82,17.06,-4.62,-5.78,2.76,-6.72
23.88,16.80,-4.84,-5.74,2.58,-6.81
23.75,17.30,-6.32,-5.78,2.01,-6.96
23.09,17.45,-8.18,-5.65,1.57,-6.86
22.22,17.31,-9.26,-5.25,1.29,-6.73
22.07,16.73,-9.45,-4.81,1.37,-6.73
22.23,16.83,-9.41,-4.45,1.87,-6.65
22.34,15.70,-9.18,-4.08,2.27,-6.45
22.90,14.49,-8.19,-3.58,2.05,-6.32
21.78,14.22,-7.34,-3.27,1.64,-5.99
20.56,12.90,-6.45,-3.22,1.30,-5.83
18.89,11.90,-5.87,-3.15,0.72,-6.18
18.34,12.15,-5.62,-3.08,0.05,-6.64
20.07,12.88,-6.96,-3.15,0.34,-6.74
21.58,12.76,-7.67,-2.83,1.22,-6.28
22.76,11.26,-7.64,-1.90,1.57,-5.87
23.28,10.00,-6.44,-1.03,1.43,-5.63
22.76,8.81,-5.04,-0.59,1.24,-5.46
21.92,7.99,-3.87,-0.51,0.75,-5.37
21.27,7.29,-3.22,-0.62,0.37,-5.00
21.22,5.02,-2.14,-0.41,0.29,-4.40
20.56,2.57,-0.08,-0.07,0.31,-4.33
20.46,1.17,1.73,0.10,0.22,-4.59
20.84,-0.15,3.42,0.07,-0.16,-4.67
21.54,-1.43,4.82,-0.35,-0.69,-4.36
22.44,-3.42,5.02,-1.01,-1.11,-3.97
22.87,-5.69,3.56,-1.53,-1.14,-3.66
23.25,-7.47,2.13,-1.62,-0.78,-3.33
25.27,-10.35,1.92,-1.09,-0.42,-2.98
28.56,-10.99,2.58,-0.62,0.28,-2.34
32.62,-12.94,3.20,-0.41,1.05,-1.40
36.12,-13.82,2.41,-0.35,1.62,-0.53
41.08,-14.05,1.43,0.04,2.10,0.45
50.43,-14.98,0.65,0.15,2.21,1.52
56.07,-10.14,-0.17,-0.28,1.34,3.22
53.01,-2.41,-1.84,0.12,0.92,5.97
48.88,1.12,-2.06,1.07,2.56,7.64
51.38,4.54,0.30,1.75,4.33,8.22
57.71,10.37,6.10,1.72,4.58,8.73
63.43,16.92,12.31,0.11,3.46,8.73
66.74,21.64,11.58,-2.13,1.50,8.73
71.45,30.21,2.27,-3.44,-0.57,8.73
75.30,38.78,-7.37,-2.80,-0.91,8.73
78.45,47.73,-9.35,-0.74,-0.51,8.73
78.45,54.59,-4.10,0.79,0.15,8.73
78.45,61.59,4.81,1.31,0.39,8.73
78.45,67.83,11.71,0.98,0.37,8.73
78.45,77.19,17.07,0.30,0.28,8.73
78.45,78.45,23.75,-0.09,-0.20,8.73
78.45,78.45,20.25,-0.53,0.21,8.73
78.45,78.45,14.89,-0.42,0.36,8.73
64.50,78.45,6.76,-0.09,0.01,8.73
47.54,78.45,1.75,0.36,-0.23,8.73
46.18,73.63,5.30,1.34,-0.31,8.73
44.97,65.41,14.24,1.46,0.42,8.73
38.29,58.61,20.12,0.70,0.96,8.73
33.63,54.74,18.57,-1.02,0.34,8.73
31.87,53.61,11.61,-2.47,-1.61,8.73
29.31,53.44,5.15,-2.66,-3.22,8.73
23.34,53.01,3.68,-1.76,-2.99,8.73
17.55,49.57,5.96,-0.82,-1.82,8.73
11.91,44.95,8.28,-0.41,-1.28,8.73
9.25,42.01,7.86,-0.62,-1.46,8.20
7.82,39.21,6.26,-0.89,-1.90,7.50
7.34,36.61,5.32,-0.71,-2.42,7.10
6.18,35.11,5.34,-0.15,-2.30,6.70
3.45,33.92,6.80,0.49,-1.51,6.50
-0.45,32.48,8.40,1.09,-0.96,5.94
-3.72,30.02,9.49,1.36,-0.64,5.05
-4.95,28.17,10.08,1.20,-0.09,4.23
-4.50,25.97,10.43,0.92,0.34,3.57
-4.01,24.79,10.77,0.59,0.60,3.06
-5.04,23.27,10.56,0.22,0.37,2.61
-5.95,21.62,10.00,-0.19,-0.19,2.00
-6.99,20.19,9.69,-0.63,-0.55,1.39
-7.63,18.48,8.67,-1.14,-0.50,0.69
-7.10,16.55,7.72,-1.42,-0.27,-0.22
-5.82,15.41,7.19,-1.46,-0.28,-1.15
-4.24,14.37,6.80,-1.33,-0.52,-1.94
-3.11,13.63,6.76,-1.28,-0.59,-2.36
-2.22,12.58,6.98,-1.33,-0.62,-2.70
-2.17,11.59,7.39,-1.55,-0.66,-3.19
-1.39,11.21,7.64,-1.85,-0.90,-3.87
-0.14,11.05,7.64,-2.13,-1.20,-4.61
1.46,11.10,7.40,-2.36,-1.34,-5.34
3.77,11.24,7.52,-2.50,-1.18,-5.97
5.53,11.35,7.73,-2.57,-0.83,-6.38
7.56,11.45,8.26,-2.61,-0.41,-6.75
9.80,11.29,8.71,-2.65,-0.06,-7.11
11.53,11.27,9.28,-2.79,0.29,-7.32
12.95,10.83,9.38,-3.02,0.48,-7.48
14.27,11.02,9.63,-3.24,0.49,-7.70
15.22,11.28,9.21,-3.46,0.43,-7.89
16.45,11.41,8.75,-3.58,0.33,-8.05
17.42,11.81,8.11,-3.64,0.44,-8.06
17.97,12.06,7.41,-3.65,0.70,-7.93
18.17,12.06,7.18,-3.60,1.15,-7.93
18.53,12.39,7.25,-3.58,1.35,-8.09
19.37,12.81,6.87,-3.70,1.33,-8.31
20.63,13.67,6.61,-3.90,1.21,-8.38
21.59,13.91,6.10,-4.24,1.08,-8.27
22.28,14.13,5.68,-4.56,1.00,-8.17
22.81,14.53,5.04,-4.94,0.92,-8.13
23.37,14.93,3.54,-5.28,1.15,-8.04
23.62,15.32,1.44,-5.30,1.63,-7.84
23.68,14.94,0.14,-4.94,2.02,-7.54
23.48,14.73,-0.88,-4.36,2.36,-7.33
23.34,14.61,-0.79,-3.84,2.76,-7.22
23.88,14.52,-0.12,-3.54,3.05,-7.12
24.99,13.75,0.34,-3.41,3.04,-7.03
25.45,14.02,-0.74,-3.36,2.91,-6.92
25.58,12.99,-1.67,-3.14,2.64,-6.70
24.50,12.74,-2.84,-2.71,2.54,-6.36
22.98,11.70,-3.60,-2.23,2.37,-6.28
22.44,10.86,-3.51,-1.65,1.96,-6.42
22.18,10.41,-3.27,-1.33,1.58,-6.45
22.36,9.96,-2.72,-1.24,1.31,-6.36
22.31,9.27,-2.59,-1.31,1.38,-6.09
21.64,8.38,-2.45,-1.19,1.51,-5.85
20.59,7.90,-2.31,-0.96,1.44,-5.74
19.35,7.20,-2.17,-0.63,1.07,-5.76
18.07,7.29,-2.07,-0.33,0.62,-5.95
17.80,7.60,-1.55,-0.12,0.44,-6.12
17.44,7.52,-0.45,-0.14,0.73,-6.17
17.32,6.96,1.01,-0.20,1.13,-6.08
18.04,5.89,2.90,-0.10,1.36,-6.03
19.03,5.10,4.67,0.09,1.40,-5.99
19.56,3.47,6.57,0.14,1.45,-5.51
19.15,1.62,7.66,-0.07,1.62,-4.87
17.97,-0.54,8.47,-0.18,1.81,-4.45
16.55,-2.45,8.55,-0.07,2.09,-4.38
16.72,-3.51,9.70,0.20,2.73,-4.48
17.49,-3.42,11.75,0.25,3.35,-4.18
17.15,-4.19,14.31,-0.01,3.84,-3.65
16.58,-5.39,16.41,-0.18,3.57,-3.60
17.23,-4.92,18.29,-0.12,3.40,-3.91
18.95,-4.14,21.16,-0.23,4.01,-3.99
21.78,-4.31,25.18,-0.78,3.95,-3.73
24.27,-3.83,26.42,-1.57,2.87,-3.15
26.90,-2.83,25.06,-2.26,1.58,-2.40
30.01,-2.45,23.02,-2.72,0.58,-1.59
33.91,-1.53,21.97,-2.73,-0.22,-0.73
37.86,2.10,22.31,-2.46,-0.08,0.80
38.88,7.01,24.98,-2.18,0.69,3.28
36.07,12.46,30.32,-2.39,1.69,5.35
32.84,19.10,34.65,-3.30,2.75,6.53
29.70,24.77,36.04,-4.32,3.23,7.11
28.28,30.99,36.98,-4.98,2.77,7.18
27.37,38.66,36.90,-5.57,1.65,7.18
28.28,45.41,36.92,-5.86,0.68,6.76
30.83,53.63,36.04,-6.49,0.15,6.64
35.36,60.95,32.15,-7.24,-0.37,6.86
39.62,69.98,26.97,-7.20,-0.37,7.97
38.87,78.45,25.23,-6.89,0.45,8.73
33.44,78.45,27.56,-6.65,1.49,8.73
24.47,78.45,28.76,-6.85,2.71,8.73
18.98,78.45,23.02,-7.31,4.31,8.73
14.04,78.45,14.41,-8.73,5.51,8.73
-28.90,-0.46,6.13,-1.91,0.00,-8.12
0.45,78.45,-8.66,-8.73,4.41,8.26
6.55,75.70,-11.29,-8.73,1.25,6.33
7.24,65.21,-14.28,-5.69,-0.72,6.26
-1.46,59.36,-10.98,-3.52,2.21,8.01
-12.56,56.82,-2.73,-3.92,3.68,7.96
-17.66,51.73,-0.91,-6.59,1.98,6.02
-16.16,47.59,-7.18,-7.98,-0.36,3.83
-10.52,44.79,-12.90,-7.48,-1.06,2.92
-8.02,38.80,-14.23,-6.12,-0.82,3.56
-11.69,34.38,-11.72,-5.05,-1.22,4.29
-15.72,32.38,-9.78,-4.43,-2.05,4.23
-18.40,28.88,-7.92,-4.28,-2.23,4.01
-19.69,27.31,-8.31,-4.59,-1.64,3.85
-19.98,24.30,-9.36,-4.79,-0.86,3.52
-19.26,22.35,-9.97,-4.75,-0.57,3.19
-17.97,20.96,-9.38,-4.16,-0.98,2.95
-18.46,20.29,-8.73,-3.40,-1.54,2.86
-19.05,18.16,-8.07,-2.64,-1.59,2.74
-19.86,17.29,-5.65,-2.09,-1.31,2.60
-21.02,16.98,-3.94,-2.29,-0.91,2.46
-20.62,15.23,-3.39,-2.62,-0.43,1.88
-18.56,14.25,-3.38,-2.62,-0.17,1.18
-16.22,13.31,-3.33,-2.40,-0.26,0.78
-15.00,12.39,-3.68,-1.98,-0.61,0.64
-14.59,11.03,-3.73,-1.40,-0.96,0.49
-13.71,10.05,-3.12,-0.79,-1.26,0.12
-13.01,9.23,-1.90,-0.34,-1.39,-0.20
-12.46,8.08,-1.16,-0.38,-1.29,-0.46
-12.20,7.50,-1.14,-0.48,-1.15,-0.77
-11.84,7.07,-1.70,-0.44,-0.90,-1.13
-11.25,6.86,-1.87,-0.11,-0.78,-1.53
-10.91,7.47,-1.75,0.31,-0.81,-1.76
-10.67,7.08,-0.38,0.75,-0.94,-2.02
-10.07,7.62,0.96,1.06,-1.25,-2.51
-9.23,8.11,2.00,1.25,-1.48,-2.97
-8.00,8.56,3.16,1.42,-1.44,-3.45
-6.76,9.22,4.38,1.48,-1.12,-3.77
-5.86,10.03,5.24,1.47,-0.85,-4.01
-5.20,10.86,6.07,1.59,-0.81,-4.29
-4.54,11.43,6.83,1.75,-1.00,-4.75
-3.59,12.22,7.35,1.92,-1.26,-5.25
-2.08,12.98,7.67,2.05,-1.35,-5.72
-0.57,13.65,8.99,2.12,-1.28,-6.02
0.26,14.44,10.35,1.96,-1.24,-6.12
1.03,14.34,11.01,1.70,-1.35,-6.39
2.03,14.69,11.05,1.54,-1.56,-6.87
2.96,15.31,11.47,1.37,-1.73,-7.20
3.75,15.79,11.18,1.13,-1.78,-7.42
4.86,16.29,10.88,1.06,-1.62,-7.74
5.99,17.10,10.79,1.02,-1.30,-7.95
7.26,17.39,10.91,0.99,-0.70,-7.98
8.15,17.70,11.23,0.98,-0.25,-7.96
8.83,17.75,11.16,1.01,-0.21,-8.02
9.37,18.12,10.47,1.06,-0.52,-8.18
9.61,18.44,9.23,1.07,-1.06,-8.39
10.13,19.10,8.12,1.07,-1.65,-8.60
10.89,19.89,6.91,1.01,-2.07,-8.73
12.06,20.51,5.76,0.84,-2.13,-8.73
13.01,20.94,4.62,0.65,-1.86,-8.73
14.03,21.31,4.00,0.62,-1.46,-8.61
14.68,21.44,3.87,0.79,-1.29,-8.35
14.55,21.42,3.51,0.87,-1.48,-8.08
14.09,21.45,3.22,0.76,-1.80,-7.89
13.33,21.42,2.32,0.51,-2.22,-7.91
13.64,21.58,1.08,0.49,-2.60,-8.20
14.82,22.01,0.04,0.73,-2.62,-8.33
16.02,22.11,0.26,0.97,-2.34,-7.92
16.06,21.33,0.54,0.86,-2.03,-7.21
14.88,20.53,0.23,0.63,-1.81,-6.74
14.00,20.08,0.12,0.42,-1.63,-6.65
13.61,20.12,-0.68,0.37,-1.54,-6.67
13.27,20.15,-1.24,0.63,-1.37,-6.65
13.51,20.10,-0.74,1.17,-1.13,-6.71
14.19,19.80,1.13,1.57,-0.88,-6.42
14.17,19.10,3.64,1.70,-0.57,-5.97
13.72,18.63,6.00,1.68,-0.04,-5.73
14.26,17.72,8.38,1.70,0.47,-5.86
15.34,16.91,10.01,1.57,0.68,-5.88
15.84,15.72,10.23,1.23,0.45,-5.57
16.12,14.76,9.91,0.99,-0.20,-5.36
16.93,14.03,9.49,0.80,-0.83,-5.19
18.21,12.87,9.57,0.71,-1.09,-4.98
20.73,11.40,10.48,0.64,-0.86,-4.72
24.66,9.80,12.30,0.43,-0.27,-4.27
29.93,7.60,14.09,0.04,0.21,-3.66
35.98,6.66,15.07,-0.82,0.13,-2.85
37.61,6.16,12.99,-1.44,-0.08,-1.10
35.24,8.34,11.89,-1.01,0.86,1.21
31.75,9.47,14.50,-0.61,2.61,2.56
32.02,11.74,19.19,-1.04,3.83,2.57
34.55,16.14,22.53,-2.02,4.01,2.71
37.18,22.06,23.10,-3.22,3.51,3.45
39.25,29.25,20.27,-4.07,2.86,4.22
40.55,36.01,16.52,-4.60,2.59,5.08
41.29,44.17,11.91,-4.85,3.42,6.42
39.88,52.44,12.69,-4.73,5.14,7.96
37.06,59.13,16.57,-5.13,5.89,8.73
34.16,65.90,19.45,-6.32,4.24,8.73
33.14,73.67,16.02,-7.25,1.18,8.73
34.31,78.45,7.94,-7.33,-0.38,8.73
36.66,78.45,2.68,-6.73,1.13,8.73
36.17,78.45,6.33,-5.99,3.33,8.73
32.58,78.45,8.74,-6.60,3.56,8.73
29.87,78.45,6.13,-6.91,2.44,8.73
28.43,78.45,-0.87,-6.68,3.00,8.73
27.33,78.45,-5.18,-7.04,5.58,8.73
23.82,78.45,-11.62,-8.73,7.87,8.73
11.81,78.45,-21.65,-8.73,8.73,8.73
-2.40,78.45,-23.70,-8.73,7.35,8.73
-0.83,78.45,-23.27,-7.17,5.04,8.73
1.79,68.29,-23.51,-6.45,5.62,7.89
-0.56,58.90,-22.09,-5.71,6.54,7.78
-3.52,51.06,-21.74,-5.12,6.45,6.64
-4.45,44.33,-20.32,-4.91,5.09,5.42
-3.80,38.15,-19.80,-4.78,3.54,4.03
-1.43,33.79,-18.90,-3.88,2.97,3.30
-1.78,30.21,-15.40,-3.03,2.79,3.39
-2.68,26.40,-10.08,-2.64,2.08,3.31
-4.88,26.24,-7.66,-3.55,1.41,3.47
-7.04,22.95,-9.92,-4.70,0.67,3.30
-9.61,23.18,-13.25,-5.07,0.16,2.88
-10.77,21.61,-15.25,-4.76,0.33,2.57
-10.31,20.39,-14.84,-3.99,0.43,2.40
-9.91,18.73,-13.49,-3.10,0.25,2.27
-10.40,18.58,-11.49,-2.36,-0.10,2.33
-11.23,17.15,-9.21,-2.12,-0.29,2.37
-12.57,17.54,-6.55,-2.54,-0.37,2.45
-13.84,17.71,-5.25,-2.97,-0.59,2.21
-13.47,17.91,-5.31,-2.99,-0.61,1.74
-12.82,17.62,-5.97,-2.73,-0.24,1.45
-12.36,15.78,-6.50,-2.30,0.20,1.23
-11.98,14.53,-6.14,-1.96,0.25,1.09
-12.07,14.06,-5.18,-1.80,-0.22,0.99
-11.87,13.51,-4.29,-1.73,-0.94,0.78
-11.83,13.22,-3.86,-1.65,-1.38,0.59
-11.94,12.38,-3.57,-1.54,-1.59,0.29
-11.91,11.49,-3.58,-1.26,-1.68,-0.17
-11.64,10.59,-3.38,-0.89,-1.56,-0.59
-11.29,9.99,-2.89,-0.51,-1.38,-0.94
-11.03,9.52,-2.16,-0.21,-1.30,-1.16
-11.14,9.03,-1.46,-0.09,-1.39,-1.44
-10.91,8.46,-1.33,0.04,-1.66,-1.96
-10.13,8.79,-1.20,0.24,-1.86,-2.48
-9.41,9.20,-0.65,0.46,-1.94,-2.87
-8.80,9.38,-0.20,0.72,-2.07,-3.34
-7.85,9.36,0.34,0.94,-2.25,-3.94
-6.59,10.22,0.59,1.06,-2.35,-4.49
-5.41,10.71,0.46,1.26,-2.31,-5.01
-4.03,11.73,1.00,1.49,-2.14,-5.47
-2.68,12.66,1.38,1.69,-1.99,-5.86
-1.12,13.62,2.02,1.94,-1.85,-6.28
0.45,14.98,2.88,2.20,-1.80,-6.63
2.08,15.89,3.99,2.42,-1.88,-6.86
3.64,17.03,5.49,2.51,-2.06,-7.04
4.80,18.18,6.60,2.41,-2.28,-7.19
6.00,18.38,7.01,2.40,-2.43,-7.51
7.83,19.73,7.40,2.65,-2.34,-7.91
9.91,20.32,8.54,3.10,-2.04,-8.10
11.31,20.55,9.95,3.27,-1.93,-8.05
11.94,19.96,10.78,2.98,-2.13,-7.99
12.39,19.21,10.20,2.46,-2.70,-8.15
13.08,19.24,8.76,1.95,-3.36,-8.37
13.90,19.46,7.12,1.54,-3.97,-8.51
14.37,20.09,5.89,1.32,-4.35,-8.72
15.09,21.20,5.42,1.19,-4.47,-8.73
16.58,22.13,4.94,1.14,-4.21,-8.73
18.40,22.99,4.81,1.08,-3.59,-8.73
19.89,23.06,4.79,0.98,-2.91,-8.73
20.60,22.78,4.40,0.89,-2.49,-8.45
20.16,21.63,3.77,0.80,-2.96,-8.15
19.20,20.84,2.71,0.63,-4.01,-8.15
18.77,20.47,0.93,0.46,-5.02,-8.21
18.79,20.50,0.14,0.31,-5.44,-8.13
18.86,20.49,-0.23,-0.06,-5.25,-7.79
18.12,19.58,-0.97,-0.31,-4.59,-7.47
16.97,18.96,-1.53,-0.41,-3.81,-7.18
16.51,18.74,-1.61,-0.28,-3.22,-6.98
16.11,18.82,-1.07,-0.07,-3.27,-6.89
15.51,18.92,-1.21,0.07,-3.97,-6.84
14.90,19.00,-1.92,0.03,-4.73,-6.78
14.03,18.68,-2.16,-0.14,-5.24,-6.77
13.79,18.45,-2.28,-0.51,-5.40,-6.82
14.23,18.26,-2.28,-0.88,-4.67,-6.68
15.55,17.50,-0.78,-1.11,-3.38,-6.35
17.54,16.72,0.63,-1.18,-2.25,-5.98
20.10,16.47,3.24,-0.85,-1.60,-5.57
22.24,15.74,6.85,-0.59,-2.03,-5.36
25.63,14.88,9.77,-0.97,-3.36,-5.42
29.99,14.40,10.55,-2.28,-4.90,-4.91
31.06,13.10,5.48,-4.37,-6.08,-3.49
28.59,11.71,-4.76,-6.04,-6.78,-2.07
27.87,7.46,-18.30,-6.71,-6.21,-1.24
30.25,6.41,-30.34,-6.19,-4.24,-1.67
37.00,7.92,-35.24,-2.85,-2.14,-1.35
42.50,9.21,-28.85,2.10,0.97,0.98
43.04,9.84,-16.06,3.78,2.64,3.55
40.19,10.92,-8.93,2.66,2.19,4.85
37.81,15.26,-9.15,1.32,0.82,5.19
37.23,20.85,-13.63,0.91,0.41,5.45
38.35,28.74,-17.57,1.16,0.98,6.01
39.57,37.44,-20.84,1.89,1.99,7.18
40.28,46.45,-21.28,2.90,3.03,8.57
38.93,53.48,-20.82,3.33,4.16,8.73
36.24,60.86,-20.66,3.18,5.25,8.73
33.78,67.61,-23.04,2.94,6.03,8.73
32.90,71.95,-23.95,2.60,6.08,8.73
36.51,78.45,-22.52,2.60,5.10,8.73
39.94,78.45,-21.88,2.55,4.29,8.73
41.06,78.45,-19.12,2.96,3.64,8.73
40.43,78.45,-12.45,3.50,2.77,8.73
39.24,78.45,-3.68,4.04,2.31,8.73
34.74,78.45,4.50,3.65,2.79,8.73
25.69,78.45,4.85,1.80,2.69,8.73
16.54,78.45,-1.04,0.94,1.60,8.73
-0.93,78.45,-9.81,2.30,2.30,8.73
-10.58,78.45,-12.85,2.24,4.01,8.73
-1.07,78.45,-9.46,2.15,2.70,8.73
2.99,72.41,-2.63,1.78,0.69,8.73
3.03,63.00,4.13,1.88,-0.76,8.73
4.98,62.98,6.68,1.73,-0.64,8.73
0.39,62.50,5.23,1.01,0.05,8.73
-10.00,58.70,5.45,0.23,-0.37,8.73
-17.15,50.91,4.95,-0.25,-1.84,8.73
-16.72,42.96,4.26,-0.16,-3.20,7.97
-12.20,38.27,3.19,0.39,-3.42,6.81
-9.72,34.43,3.93,1.17,-2.49,6.55
-10.37,31.96,5.70,1.65,-1.29,6.56
-11.44,29.24,7.71,1.95,-0.15,6.13
-11.81,27.80,9.45,2.21,0.44,5.55
-11.25,25.88,10.76,2.23,0.69,5.08
-11.02,24.31,10.96,1.87,0.71,4.70
-11.20,21.69,10.21,1.36,0.49,4.31
-12.15,20.76,9.75,1.09,0.21,3.97
-13.14,19.09,9.87,1.15,-0.04,3.57
-13.05,17.61,10.38,1.21,-0.11,2.86
-11.86,15.92,10.95,1.02,0.12,2.13
-10.35,14.82,11.03,0.51,0.60,1.52
-9.03,13.99,10.57,-0.00,0.78,0.94
-7.78,13.15,9.68,-0.27,0.58,0.41
-6.74,12.48,8.35,-0.35,0.13,-0.13
-5.39,11.63,8.03,-0.34,-0.27,-0.60
-4.43,11.51,8.40,-0.51,-0.41,-0.84
-3.43,10.84,9.15,-0.72,-0.65,-1.20
-2.61,10.31,9.58,-1.03,-1.00,-1.75
-1.57,9.87,9.27,-1.37,-1.26,-2.26
-0.40,9.83,8.74,-1.75,-1.22,-2.77
0.52,9.47,8.04,-2.04,-1.09,-3.19
1.67,9.24,7.61,-2.17,-1.12,-3.66
2.84,9.45,7.51,-2.25,-1.11,-4.07
4.61,9.47,8.14,-2.41,-0.91,-4.42
5.85,9.95,8.87,-2.79,-0.49,-4.62
6.67,10.01,9.35,-3.32,0.02,-4.87
7.52,10.12,9.04,-3.62,0.25,-5.33
8.35,10.70,8.44,-3.62,0.27,-5.71
9.96,10.79,8.58,-3.51,0.16,-5.86
11.03,10.84,8.57,-3.63,0.09,-5.78
11.86,10.90,8.64,-3.83,0.04,-5.81
12.24,10.97,7.68,-4.16,0.07,-5.97
12.78,11.18,5.94,-4.37,0.37,-6.23
13.80,11.54,4.59,-4.34,0.77,-6.53
14.97,11.88,3.49,-4.26,1.20,-6.67
15.78,11.88,3.09,-4.16,1.45,-6.68
16.12,11.66,2.48,-4.05,1.43,-6.72
16.96,11.92,2.18,-3.81,1.26,-6.97
17.56,11.70,1.47,-3.74,1.35,-7.17
18.41,12.71,0.98,-3.54,1.82,-7.27
19.01,12.50,0.86,-3.48,2.36,-7.12
19.50,12.59,0.96,-3.29,2.73,-6.79
19.89,11.47,1.51,-2.94,2.52,-6.92
20.52,11.07,2.25,-2.58,1.39,-7.36
21.74,10.72,2.10,-2.53,-0.15,-7.72
22.20,10.73,1.61,-2.80,-1.39,-7.84
22.72,11.03,0.59,-3.46,-2.09,-7.74
21.76,11.26,-2.51,-4.21,-1.75,-7.14
20.07,10.43,-5.51,-4.22,-0.99,-6.68
18.64,9.97,-7.25,-3.46,-0.09,-6.40
17.52,9.60,-7.67,-2.30,0.74,-6.17
17.52,9.81,-6.47,-1.47,1.62,-5.85
17.62,9.49,-4.33,-0.97,2.61,-5.41
17.44,8.47,-2.30,-0.64,2.92,-5.31
17.14,8.00,-0.84,-0.42,2.47,-5.53
16.59,7.99,-0.13,-0.46,1.56,-5.55
16.07,7.74,0.17,-0.54,0.54,-5.63
15.83,8.08,0.77,-0.70,0.05,-5.65
16.02,8.14,1.69,-1.03,0.24,-5.41
16.39,7.16,2.10,-1.18,0.95,-5.30
16.57,6.54,2.63,-0.82,1.33,-5.48
17.69,6.27,3.61,-0.16,1.23,-5.39
18.10,5.37,5.15,0.23,0.88,-4.94
17.75,3.98,6.31,0.26,0.57,-4.44
16.12,1.82,6.61,0.26,0.34,-4.25
15.53,0.78,6.92,0.46,0.45,-4.23
15.98,-0.98,7.86,0.84,0.92,-4.19
17.05,-1.35,9.93,1.22,1.44,-3.92
17.49,-1.88,12.43,1.35,1.67,-3.32
17.78,-3.48,14.18,1.22,1.50,-2.81
18.31,-4.44,15.13,1.12,1.63,-2.54
19.88,-4.30,15.44,1.12,2.56,-2.19
21.68,-4.47,16.13,1.24,3.92,-1.61
23.69,-6.88,19.03,1.37,4.80,-0.95
27.74,-9.06,23.44,1.24,4.45,-0.40
32.97,-12.56,28.99,0.12,3.65,0.00
42.85,-13.29,32.65,-2.11,2.62,0.23
46.17,-5.32,27.89,-4.11,1.46,2.26
42.56,-1.86,20.17,-4.01,2.34,5.07
39.61,1.51,20.68,-2.97,4.53,6.44
43.38,4.95,28.09,-2.87,5.41,6.68
49.00,11.79,33.97,-3.76,5.03,7.07
53.41,18.89,37.28,-5.06,4.93,8.04
56.56,24.29,37.37,-6.04,4.89,8.69
60.49,28.77,36.74,-6.66,4.56,8.73
65.10,34.69,37.54,-7.14,4.14,8.73
69.14,39.75,38.47,-7.78,3.13,8.73
73.42,47.60,38.67,-8.31,2.52,8.73
76.51,56.31,39.83,-8.62,2.05,8.73
76.98,64.55,41.20,-8.46,2.12,8.73
77.90,73.33,43.98,-8.02,2.92,8.73
78.18,78.45,46.45,-7.65,4.15,8.73
74.43,78.45,40.83,-0.07,-0.07,-0.07
61.79,78.45,26.67,-8.59,5.06,8.73
44.18,78.45,11.70,-8.29,4.12,8.73
39.44,67.85,9.30,-6.43,3.10,8.73
37.90,60.74,12.11,-5.22,2.50,8.73
31.40,53.18,13.30,-5.03,3.38,8.73
27.54,49.39,14.79,-5.00,3.54,8.52
22.88,46.81,12.19,-5.75,2.73,7.42
18.60,43.72,7.65,-6.03,1.39,6.29
16.74,40.08,5.63,-5.45,0.61,5.65
15.94,37.89,7.15,-4.68,0.40,5.58
13.88,35.58,9.56,-4.36,0.98,5.91
10.43,34.56,10.91,-4.46,1.27,5.89
7.51,33.02,11.01,-4.83,1.10,5.41
5.54,31.77,10.51,-5.05,0.36,4.85
-28.90,-0.46,6.13,-4.91,0.07,-8.12
-57.80,-0.92,12.26,-4.16,0.07,-8.12
-28.90,-0.46,6.13,-3.34,0.07,-8.12
2.46,30.08,8.97,-4.83,0.13,4.16
0.87,29.59,6.96,-4.77,0.19,3.87
-0.18,28.96,6.26,-4.45,0.23,3.71
-1.50,28.23,6.59,-3.82,0.39,3.64
-57.80,-0.92,12.26,4.65,0.27,-32.42
-57.80,-0.92,12.26,7.64,0.27,-32.42
-5.62,26.32,6.09,-3.15,0.72,3.12
-8.35,23.75,2.68,-3.34,-0.09,1.67
-8.57,22.96,1.22,-3.33,-0.65,0.94
-8.49,21.89,0.01,-2.86,-0.55,0.70
-8.17,19.54,0.34,-1.87,-0.15,0.42
-7.65,17.67,1.49,-0.94,0.18,0.11
-7.20,15.95,2.67,-0.39,0.19,-0.24
-7.41,14.66,3.42,-0.19,0.13,-0.63
-7.42,13.33,3.63,-0.21,-0.15,-1.16
-7.42,12.59,3.25,-0.18,-0.61,-1.70
-7.24,12.06,2.76,-0.13,-1.03,-2.29
-6.54,11.25,2.46,-0.02,-1.20,-2.84
-6.18,10.72,2.22,0.07,-1.07,-3.24
-5.91,10.10,2.19,0.26,-0.80,-3.74
-5.13,9.90,2.62,0.66,-0.68,-4.41
-3.79,10.04,3.25,1.10,-0.65,-4.94
-1.96,10.42,5.04,1.42,-0.69,-5.46
-0.48,10.71,6.59,1.62,-0.57,-5.82
1.06,10.71,8.39,1.72,-0.31,-6.20
2.88,10.92,10.25,1.77,-0.06,-6.60
4.67,10.96,11.79,1.74,0.01,-6.97
6.17,11.00,13.00,1.68,0.13,-7.25
7.33,10.85,13.73,1.57,0.19,-7.56
8.23,10.78,14.09,1.48,0.10,-7.97
9.06,11.08,13.68,1.42,0.03,-8.34
10.32,11.36,13.50,1.47,0.09,-8.67
11.54,11.66,13.36,1.57,0.39,-8.73
12.80,11.89,13.96,1.72,0.88,-8.73
14.12,12.26,14.83,1.84,1.38,-8.73
15.12,12.09,16.01,1.84,1.64,-8.71
15.05,11.92,16.03,1.65,1.51,-8.60
14.89,11.37,15.54,1.44,1.04,-8.73
15.11,11.70,15.00,1.15,0.56,-8.73
15.94,11.95,14.86,0.92,0.15,-8.73
17.20,12.74,14.52,0.63,-0.21,-8.73
18.44,13.13,13.92,0.21,-0.38,-8.73
19.04,13.22,12.78,-0.15,-0.48,-8.73
20.03,13.36,11.83,-0.42,-0.65,-8.73
21.69,13.91,11.20,-0.80,-0.82,-8.73
22.53,13.82,10.18,-1.28,-0.71,-8.73
22.54,13.93,8.54,-1.65,-0.64,-8.73
22.20,14.10,7.11,-1.81,-0.87,-8.73
22.20,14.75,5.47,-2.04,-1.23,-8.73
21.37,14.54,3.73,-2.31,-1.59,-8.73
20.61,14.87,1.99,-2.47,-1.99,-8.73
19.70,15.09,-0.07,-2.50,-2.35,-8.73
19.39,15.53,-1.28,-2.46,-2.43,-8.73
20.56,16.18,-1.19,-2.44,-2.40,-8.73
21.22,16.75,-1.14,-2.98,-2.06,-8.47
20.38,15.62,-2.06,-3.55,-1.54,-7.56
18.62,14.59,-3.31,-3.63,-1.17,-7.29
17.10,14.26,-3.43,-3.44,-1.10,-7.50
-28.90,-0.46,6.13,-1.22,0.07,-8.12
17.00,14.07,-2.82,-3.45,-1.66,-8.12
17.68,13.94,-2.04,-3.94,-1.92,-8.00
18.22,13.26,-2.89,-4.60,-1.69,-7.70
18.63,11.94,-4.86,-4.68,-0.97,-7.55
20.07,9.94,-6.33,-4.22,0.32,-7.18
22.25,7.51,-6.12,-3.41,1.77,-6.43
23.89,5.73,-4.53,-2.81,2.91,-5.35
24.75,5.12,-2.05,-2.47,3.80,-4.07
25.17,4.15,0.06,-2.22,4.25,-3.28
26.05,3.96,2.08,-2.01,4.24,-3.15
28.29,4.45,4.78,-1.74,4.00,-3.28
31.17,5.54,7.22,-1.81,3.39,-2.92
33.70,7.29,8.00,-1.90,3.05,-2.23
36.16,9.99,8.94,-2.00,3.74,-1.22
39.15,10.87,10.77,-2.44,4.34,-0.15
42.54,12.51,12.45,-2.99,3.37,0.40
47.07,17.75,7.27,-3.75,0.86,0.93
50.73,23.05,-3.56,-3.80,-1.56,1.93
49.14,25.03,-5.09,-1.37,-1.68,4.55
42.34,30.35,12.55,0.87,0.50,7.70
32.16,37.55,25.67,-0.70,0.75,8.73
25.60,39.24,25.13,-2.40,0.03,8.73
22.11,43.05,23.95,-2.35,-1.57,8.73
19.51,47.99,24.44,-1.74,-3.64,8.25
18.68,54.81,22.32,-1.14,-5.17,7.62
18.91,65.00,17.65,-0.40,-5.30,8.06
17.04,71.60,16.01,0.26,-4.38,8.73
14.03,75.47,16.91,0.97,-3.60,8.73
9.89,78.45,19.48,1.63,-3.31,8.73
5.67,78.45,25.28,2.22,-3.91,8.73
3.10,78.45,31.36,3.11,-4.99,8.73
2.23,78.45,35.30,4.09,-4.10,8.73
-3.71,78.45,42.77,3.97,-0.98,8.73
-57.80,-0.92,12.26,-18.23,0.27,-32.42
-11.68,78.45,37.83,1.06,1.49,8.73
-57.80,-0.92,12.26,-2.86,0.07,-8.12
-19.28,73.49,18.57,-2.97,-3.43,8.73
-20.36,62.15,16.44,-0.35,-6.48,8.73
-57.80,-0.92,12.26,-0.20,0.07,-8.12
-28.90,-0.46,6.13,0.55,0.07,-8.12
-57.80,-0.92,12.26,5.20,0.27,-32.42
-15.43,53.13,19.15,0.37,-3.34,8.73
-19.98,43.22,20.27,-0.74,-0.34,8.73
-20.92,38.58,19.07,-1.11,-0.74,8.73
-19.63,34.48,15.86,-0.85,-2.56,8.29
-15.85,33.21,14.75,-0.10,-3.90,7.15
-13.15,32.69,15.56,-0.17,-3.67,7.18
-13.52,31.12,15.04,-0.52,-2.25,7.64
-16.32,29.41,14.07,-0.66,-0.81,7.92
-17.81,26.70,13.50,-0.65,0.03,7.36
-18.03,24.19,12.13,-0.58,-0.33,6.54
-17.16,21.61,11.09,-0.51,-1.24,5.55
-16.92,19.45,8.64,-0.69,-1.72,4.98
-17.86,17.46,6.69,-0.69,-1.34,4.77
-17.94,15.98,6.22,-0.43,-0.61,4.34
-17.19,14.41,7.44,-0.18,0.08,3.79
-16.11,13.24,8.54,-0.15,0.60,3.22
-15.28,11.70,9.25,-0.38,0.68,2.57
-14.73,10.00,8.94,-0.64,0.14,1.76
-14.31,8.96,7.90,-0.67,-0.68,0.96
-13.48,7.98,7.32,-0.50,-1.29,0.24
-12.34,7.43,7.34,-0.46,-1.47,-0.40
-28.90,-0.46,6.13,4.23,0.07,-8.12
-10.34,6.09,6.50,-0.74,-1.06,-1.38
-9.07,5.69,5.87,-0.75,-0.64,-1.92
-7.88,5.81,5.88,-0.61,-0.18,-2.43
-6.92,5.85,6.21,-0.45,0.27,-2.76
-6.48,5.77,6.71,-0.37,0.55,-3.08
-6.25,5.75,7.42,-0.36,0.49,-3.64
-5.53,5.76,7.77,-0.45,0.28,-4.34
-3.96,6.69,8.12,-0.57,0.07,-5.07
-1.96,7.24,8.46,-0.59,-0.01,-5.66
0.06,7.97,9.05,-0.52,0.00,-6.03
1.95,8.15,9.81,-0.42,0.04,-6.30
3.27,8.88,10.56,-0.44,0.12,-6.54
4.22,9.28,11.17,-0.67,0.29,-6.74
5.01,9.55,10.77,-0.95,0.50,-7.04
6.07,9.79,10.26,-1.10,0.70,-7.35
7.17,10.39,9.73,-1.13,0.82,-7.52
8.42,10.57,8.70,-0.99,0.88,-7.58
9.23,11.18,8.07,-0.66,1.17,-7.51
-28.90,-0.46,6.13,4.30,0.07,-8.12
-28.90,-0.46,6.13,5.12,0.07,-8.12
11.26,13.01,10.59,0.18,2.34,-7.34
11.48,13.33,11.22,-0.06,2.40,-7.30
11.50,12.92,10.11,-0.31,2.34,-7.55
11.72,13.04,8.25,-0.30,2.39,-7.73
12.17,13.18,6.81,-0.02,2.41,-7.71
12.38,13.12,6.58,0.53,2.43,-7.55
13.12,13.19,7.59,1.10,2.48,-7.28
12.91,13.28,9.12,1.30,2.46,-6.89
11.87,12.48,9.22,1.20,2.59,-6.56
10.89,11.85,9.15,1.20,2.70,-6.55
11.22,12.10,8.63,1.60,2.63,-6.60
11.81,11.23,9.92,2.10,2.27,-6.65
12.04,11.52,10.79,2.52,1.77,-6.57
12.55,11.66,10.80,2.73,1.66,-6.39
12.79,11.37,10.79,2.70,2.05,-5.94
12.38,11.02,11.05,2.50,2.56,-5.37
11.74,10.26,11.29,2.54,2.51,-5.01
11.26,8.97,11.28,2.85,1.86,-4.91
10.96,8.35,11.20,3.23,0.86,-5.07
11.39,7.80,10.84,3.46,0.03,-5.23
11.88,7.68,10.87,3.56,-0.29,-5.13
12.06,7.34,10.31,3.19,0.15,-4.63
11.59,5.91,10.12,2.92,0.89,-4.08
10.26,3.96,10.04,3.12,1.40,-3.61
9.42,3.84,9.70,3.49,1.77,-3.02
8.62,3.14,11.00,3.84,2.10,-2.38
7.27,1.90,12.82,4.04,2.51,-1.84
5.52,1.76,14.55,3.92,2.90,-1.35
3.54,1.37,16.77,3.75,3.01,-0.79
0.47,0.77,18.70,3.63,2.88,-0.36
-2.55,0.48,20.37,3.44,2.77,-0.31
-4.26,-0.21,21.48,3.08,2.80,-0.53
-4.80,0.43,22.21,2.64,3.13,-0.65
-7.20,1.25,23.84,2.26,3.35,-0.51
-9.16,0.91,24.20,2.00,3.29,-0.66
-9.86,1.16,24.92,1.84,3.13,-1.09
-10.24,2.76,26.83,1.54,2.92,-1.30
-11.55,4.74,29.23,1.21,2.71,-1.53
-11.73,5.83,32.21,0.91,2.70,-2.08
-9.33,8.27,36.20,0.42,2.86,-2.51
-6.52,10.34,39.14,-0.46,2.91,-2.64
-2.98,12.80,39.78,-1.41,2.93,-2.67
-1.31,16.74,39.97,-2.37,3.46,-2.35
-1.08,20.26,39.12,-3.35,3.48,-2.35
0.40,24.41,37.76,-4.19,3.24,-2.42
3.52,28.62,39.32,-4.86,2.90,-2.46
5.58,34.57,40.81,-5.94,2.32,-2.25
7.24,41.19,39.90,-7.09,2.08,-1.98
9.41,50.70,40.25,-8.06,2.12,-1.89
11.62,57.27,40.67,-8.73,1.88,-1.77
14.88,66.36,38.80,-8.73,1.57,-1.43
-28.90,-0.46,6.13,1.10,0.07,-8.12
12.21,78.45,35.82,-8.73,1.44,-0.16
-28.90,-0.46,6.13,2.80,0.07,-8.12
2.82,78.45,25.51,-8.73,2.26,0.97
-28.90,-0.46,6.13,4.58,0.07,-8.12
6.84,78.45,11.00,-8.73,3.44,-1.03
14.16,78.45,-4.53,-8.73,3.80,-0.86
33.94,156.90,-27.83,-34.87,6.27,-0.98
-57.80,-0.92,12.26,32.45,0.27,-32.42
6.18,78.45,-11.43,-8.73,-3.97,0.89
5.80,76.04,-11.09,-8.73,-3.62,1.41
5.09,71.84,-12.08,-8.73,-2.59,2.19
0.88,68.44,-12.28,-8.73,-1.92,3.05
-4.64,67.37,-12.61,-8.73,-2.12,3.58
-9.34,63.22,-13.90,-8.73,-2.82,3.64
-10.76,56.84,-17.07,-8.73,-3.14,3.37
-10.57,51.12,-19.68,-8.51,-2.71,3.56
-11.23,45.56,-19.07,-7.54,-1.70,3.83
-13.67,39.98,-15.94,-6.59,-1.48,3.90
-15.43,38.09,-13.03,-6.42,-1.51,3.73
-17.34,33.54,-13.26,-6.44,-1.32,3.51
-18.48,29.28,-15.37,-6.05,-1.35,2.97
-18.21,26.20,-16.83,-5.49,-1.38,2.75
-18.86,24.31,-16.54,-4.49,-1.43,2.77
-19.90,21.66,-13.90,-3.31,-1.74,2.44
-20.04,20.30,-11.74,-2.44,-1.89,2.04
-20.97,17.27,-9.44,-2.09,-1.58,1.64
-21.67,13.76,-9.46,-2.26,-1.21,0.80
-20.56,12.07,-10.70,-2.12,-1.10,-0.14
-18.70,10.92,-11.47,-1.39,-1.22,-0.85
-16.82,9.76,-10.80,-0.35,-1.59,-1.28
-15.93,9.48,-8.65,0.53,-1.95,-1.62
-15.02,9.26,-5.86,1.07,-2.17,-2.13
-14.33,9.85,-3.62,1.28,-2.11,-2.76
-12.88,10.37,-1.38,1.49,-1.85,-3.48
-11.37,11.28,0.56,1.80,-1.35,-4.05
-9.32,12.50,2.92,2.08,-0.85,-4.60
-7.25,13.50,5.16,2.37,-0.61,-5.01
-5.68,13.95,7.29,2.63,-0.61,-5.41
-3.91,14.71,9.08,2.79,-0.70,-5.86
-1.94,15.10,10.41,2.96,-0.65,-6.29
-0.26,15.11,12.00,3.02,-0.40,-6.53
0.18,15.27,13.52,2.93,-0.07,-6.53
0.36,15.03,14.70,2.96,0.17,-6.76
1.27,15.21,15.22,3.05,0.36,-7.13
2.79,14.82,14.52,3.21,0.51,-7.31
4.16,14.92,14.22,3.64,0.60,-7.34
5.16,15.21,15.35,3.93,0.71,-7.22
5.40,15.32,16.39,3.87,0.81,-7.14
5.56,14.83,17.53,3.73,0.60,-7.45
6.81,15.65,17.06,3.48,0.11,-7.80
8.71,15.10,15.44,3.52,-0.16,-7.98
10.30,15.30,14.54,3.68,-0.11,-7.90
10.67,15.25,15.35,3.58,-0.12,-7.65
10.07,14.54,15.49,3.09,-0.53,-7.57
9.73,14.25,14.00,2.56,-1.16,-7.95
10.49,14.72,12.47,2.19,-1.51,-8.35
11.57,15.09,12.00,2.06,-1.73,-8.53
11.97,14.93,11.81,1.90,-2.01,-8.60
12.04,14.87,10.61,1.66,-2.06,-8.73
12.37,14.67,9.07,1.40,-2.02,-8.73
12.30,14.59,7.43,1.14,-2.12,-8.73
12.58,15.06,6.45,1.02,-2.33,-8.73
12.65,15.04,6.69,0.96,-2.64,-8.73
12.40,15.47,7.67,0.57,-2.91,-8.73
12.15,15.44,7.71,0.04,-3.12,-8.73
12.76,15.79,6.36,-0.52,-3.03,-8.73
14.20,16.00,3.91,-0.83,-1.93,-8.73
16.13,15.38,3.03,-0.57,0.11,-8.01
16.47,13.97,3.36,-0.03,1.63,-6.69
15.24,13.29,4.59,0.53,2.60,-5.56
13.42,12.62,5.75,0.86,2.91,-4.97
11.90,11.87,6.17,1.00,2.82,-4.86
11.55,11.13,6.61,1.31,2.36,-5.16
12.29,10.56,7.61,1.81,1.43,-5.58
12.96,9.76,7.92,2.29,0.38,-5.83
13.46,9.07,8.18,2.76,-0.29,-5.80
13.57,8.37,9.55,2.94,-0.14,-5.55
13.48,7.57,11.57,2.83,0.71,-5.09
12.93,6.83,14.16,2.56,2.03,-4.42
12.64,6.00,17.31,2.42,3.34,-3.83
12.38,5.99,20.52,2.47,4.32,-3.46
12.89,5.56,23.52,2.52,4.88,-3.15
13.20,6.73,25.88,2.51,4.99,-2.78
13.81,7.35,28.61,2.13,4.67,-2.52
14.92,7.76,30.53,0.94,3.60,-2.67
19.95,6.66,29.55,-0.39,1.70,-3.17
28.66,6.18,28.82,-1.48,-0.40,-3.43
36.83,5.29,23.68,-2.19,-3.37,-2.84
36.08,11.71,18.37,-1.68,-2.66,0.84
28.15,13.13,22.53,-1.30,2.73,3.98
24.40,15.50,29.38,-2.14,6.48,4.33
22.89,19.71,35.73,-4.18,6.64,4.19
22.36,25.46,32.89,-5.68,5.48,4.32
21.60,31.12,28.55,-6.10,5.13,4.48
22.62,37.37,27.38,-5.89,5.51,4.49
23.09,44.76,29.77,-6.45,6.48,4.89
22.20,49.83,31.98,-7.77,7.50,5.10
19.88,55.77,32.98,-8.73,7.99,5.00
18.17,60.55,29.67,-8.73,7.23,4.60
18.28,66.37,26.05,-8.73,6.29,4.03
19.10,72.17,22.99,-8.73,4.98,3.62
17.52,78.45,24.44,-8.73,3.82,3.81
12.78,78.45,25.21,-8.73,3.35,4.14
9.57,78.45,25.28,-8.73,4.32,3.56
10.40,78.45,22.64,-8.73,6.82,3.16
15.48,78.45,13.58,-8.73,8.73,2.00
18.73,78.45,-3.34,-8.73,8.73,1.22
24.24,78.45,-17.10,-8.73,5.38,0.22
20.87,69.16,-15.00,-8.73,0.54,0.51
9.74,60.54,-1.50,-7.50,0.22,1.65
2.71,56.56,6.22,-7.94,1.49,1.34
5.65,58.43,3.84,-8.73,1.95,0.23
8.86,58.87,-6.46,-8.73,1.94,0.23
10.34,56.09,-19.43,-8.73,0.49,0.46
7.46,49.82,-24.80,-8.73,-0.73,1.52
1.77,44.54,-19.72,-8.28,-1.81,1.85
-0.38,42.08,-15.66,-7.34,-2.01,2.04
-3.36,39.79,-10.67,-6.73,-1.50,2.60
-7.64,38.64,-10.19,-7.68,-0.67,2.74
-9.43,34.22,-12.70,-8.30,-0.38,2.05
-9.59,33.79,-15.24,-7.48,-0.54,1.62
-10.05,29.19,-14.57,-6.02,-0.94,1.51
-9.88,25.83,-12.83,-4.83,-1.53,1.31
-9.36,23.55,-11.36,-3.95,-1.97,1.33
-10.49,20.41,-10.67,-3.76,-1.76,1.66
-12.53,18.64,-10.65,-4.11,-1.56,1.85
-15.28,16.46,-11.34,-4.23,-1.59,1.40
-14.82,14.73,-12.34,-3.82,-1.97,0.34
-13.63,13.62,-12.45,-3.05,-1.93,-0.03
-12.97,11.78,-11.37,-2.01,-1.87,0.01
-12.99,10.19,-9.17,-1.09,-2.07,0.06
-13.33,8.81,-6.89,-0.50,-2.39,-0.07
-14.01,8.21,-5.02,-0.21,-2.50,-0.36
-14.28,7.47,-3.45,-0.10,-2.43,-0.86
-13.84,7.02,-2.73,-0.04,-2.27,-1.40
-12.67,7.02,-2.09,0.20,-2.07,-1.81
-11.80,6.86,-1.14,0.64,-1.97,-2.17
-11.04,6.27,0.39,1.10,-1.98,-2.50
-10.02,6.68,2.20,1.31,-2.03,-2.78
-9.24,6.22,3.55,1.25,-2.17,-3.07
-8.49,6.05,4.24,1.07,-2.23,-3.38
-7.79,6.47,4.35,0.93,-2.19,-3.70
-6.96,6.38,4.40,0.97,-2.02,-4.10
-5.97,6.73,4.61,1.13,-1.89,-4.44
-4.54,6.22,5.43,1.36,-1.72,-4.69
-3.35,6.20,6.15,1.53,-1.64,-4.75
-2.84,5.91,7.19,1.51,-1.68,-4.69
-2.59,5.72,8.16,1.34,-1.91,-4.75
-2.18,5.75,8.26,1.04,-2.24,-4.94
-1.61,5.03,7.83,0.87,-2.53,-5.23
-0.71,4.92,7.75,0.85,-2.77,-5.48
-0.04,4.65,7.87,0.83,-2.91,-5.55
0.65,4.34,8.33,0.78,-3.00,-5.65
1.61,4.38,8.86,0.65,-3.06,-5.81
2.82,4.49,9.33,0.41,-3.17,-5.94
3.73,4.53,9.40,0.03,-3.33,-5.98
4.26,3.85,8.74,-0.40,-3.50,-5.96
4.41,3.63,7.81,-0.69,-3.62,-5.92
4.75,3.17,6.81,-0.96,-3.58,-5.87
5.22,3.21,6.07,-1.24,-3.39,-5.79
5.97,3.40,5.67,-1.45,-3.06,-5.71
6.53,3.20,5.04,-1.58,-2.64,-5.60
6.90,2.84,4.16,-1.66,-2.25,-5.44
7.16,2.38,3.55,-1.71,-2.07,-5.22
7.14,2.09,3.04,-1.72,-2.16,-5.05
7.35,1.80,2.52,-1.73,-2.42,-4.91
8.21,1.51,1.95,-1.68,-2.65,-4.75
9.32,1.49,2.19,-1.60,-2.71,-4.63
10.39,1.19,1.98,-1.54,-2.61,-4.43
11.14,0.62,1.53,-1.52,-2.34,-4.09
12.07,0.28,1.37,-1.51,-1.95,-3.71
11.80,-0.25,1.01,-1.42,-1.56,-3.35
12.43,-0.09,0.62,-1.26,-1.26,-3.04
12.82,-0.67,1.03,-0.96,-1.23,-2.83
13.04,-0.75,1.21,-0.63,-1.59,-2.79
13.91,-0.84,2.20,-0.49,-2.11,-2.80
14.27,-0.70,2.03,-0.65,-2.50,-2.62
14.34,-0.76,1.28,-1.00,-2.46,-2.26
14.16,-0.59,0.97,-1.11,-2.00,-1.87
14.60,-0.69,1.07,-1.05,-1.61,-1.77
14.98,-0.78,0.75,-0.80,-1.21,-1.73
15.08,-0.77,1.00,-0.61,-1.09,-1.68
14.97,-0.93,0.86,-0.40,-1.14,-1.42
14.75,-0.86,0.91,-0.23,-1.10,-0.96
13.91,-0.81,1.22,-0.24,-0.77,-0.50
13.05,-0.97,1.39,-0.29,-0.40,-0.23
12.54,-1.11,1.53,-0.30,-0.19,-0.23
12.36,-1.24,1.58,-0.17,-0.21,-0.36
12.20,-0.86,1.50,-0.04,-0.33,-0.37
11.84,-0.68,1.63,0.06,-0.52,-0.19
11.47,-0.90,1.69,0.13,-0.74,0.02
11.02,-0.93,2.23,0.16,-0.88,0.05
10.98,-1.06,2.33,0.20,-0.76,-0.05
11.09,-0.63,2.90,0.22,-0.31,-0.11
11.13,-0.38,3.20,0.24,0.23,-0.07
11.54,-0.17,3.21,0.33,0.64,0.04
11.58,0.23,3.15,0.53,0.85,0.28
11.20,-0.04,3.19,0.61,0.80,0.53
10.42,-0.06,3.24,0.57,0.53,0.72
9.76,-0.33,2.91,0.50,0.33,0.74
9.28,-0.29,2.61,0.49,0.23,0.62
9.20,-0.19,2.28,0.56,0.31,0.52
9.05,0.12,2.30,0.70,0.43,0.60
8.66,0.18,2.67,0.81,0.61,0.71
8.37,0.23,2.78,0.91,0.75,0.79
8.36,0.06,2.61,0.90,0.75,0.73
7.60,0.18,3.47,0.99,0.90,0.58
7.43,0.51,3.55,1.05,1.24,0.45
7.31,0.71,3.85,0.98,1.39,0.36
7.23,0.74,4.30,0.96,1.43,0.20
7.18,0.98,4.23,0.98,1.41,0.08
7.31,0.94,5.34,1.02,1.21,-0.07
7.86,1.01,6.51,0.98,0.81,-0.26
8.23,0.92,7.20,0.66,0.33,-0.36
8.08,-0.30,7.22,0.41,-0.25,-0.41
5.74,0.44,4.68,0.30,-1.30,-0.63
10.12,0.65,5.47,0.42,-1.44,-0.95
8.28,3.51,5.01,-0.13,-1.77,-0.57
9.08,1.11,3.21,-0.39,-1.17,-0.06
8.60,0.38,4.26,-0.27,-1.01,-0.03
8.72,0.96,3.62,-0.24,-0.96,-0.06
9.41,0.79,3.60,-0.29,-1.09,-0.04
9.09,0.58,3.85,-0.30,-1.09,-0.09
10.54,0.75,3.27,-0.29,-0.84,-0.18
9.79,0.92,2.88,-0.28,-0.40,-0.20
9.09,0.82,3.01,-0.29,-0.19,-0.12
9.13,0.51,3.31,-0.27,-0.03,-0.03
9.09,0.39,3.54,-0.25,0.02,0.02
9.02,0.20,3.32,-0.22,-0.05,-0.05
8.66,0.22,3.53,-0.17,-0.14,-0.10
9.11,0.39,3.29,-0.13,-0.17,-0.08
8.94,0.49,3.44,-0.11,-0.16,-0.07
8.83,0.28,3.50,-0.08,-0.19,-0.08
8.75,0.17,3.25,-0.05,-0.31,-0.10
10.17,0.14,0.47,-0.05,-0.36,-0.13
8.84,0.78,4.29,-0.16,-0.28,-0.05
9.22,0.33,3.88,-0.09,-0.57,-0.14
9.50,0.69,2.84,-0.03,-0.44,-0.12
9.83,0.71,2.71,-0.03,-0.19,-0.00
9.00,0.46,3.03,-0.03,-0.07,0.00
8.83,0.54,3.31,-0.01,-0.20,-0.03
9.08,0.61,2.83,-0.01,-0.23,-0.04
9.05,0.79,2.81,-0.04,-0.26,-0.04
9.18,0.59,2.96,-0.06,-0.28,-0.04
9.44,0.55,2.79,-0.06,-0.24,-0.04
9.30,0.53,2.87,-0.05,-0.20,-0.03
9.17,0.57,2.80,-0.04,-0.19,-0.02
9.27,0.57,2.86,-0.04,-0.20,-0.03
9.14,0.56,2.90,-0.03,-0.24,-0.04
9.17,0.64,2.79,-0.03,-0.30,-0.06
9.17,0.63,2.71,-0.03,-0.35,-0.07
9.25,0.70,2.54,-0.04,-0.32,-0.06
9.17,0.58,2.79,-0.05,-0.33,-0.05
9.65,0.57,2.72,-0.02,-0.31,-0.05
9.62,0.76,2.24,-0.01,-0.16,-0.01
9.47,0.61,2.40,-0.03,-0.07,0.00
9.62,0.48,2.58,-0.03,-0.04,-0.00
9.32,0.52,2.55,-0.01,-0.03,-0.02
9.17,0.68,2.64,-0.00,-0.08,-0.01
9.11,0.53,2.65,0.01,-0.16,-0.02
9.41,0.63,2.44,0.01,-0.21,-0.03
9.42,0.67,2.36,0.00,-0.18,-0.02
9.52,0.60,2.48,-0.00,-0.14,-0.01
9.64,0.57,2.50,0.01,-0.13,-0.02
9.51,0.60,2.46,0.02,-0.12,-0.04
9.45,0.64,2.38,0.02,-0.14,-0.05
9.49,0.74,2.36,0.02,-0.12,-0.05
9.44,0.71,2.28,0.01,-0.10,-0.04
9.46,0.69,2.32,0.00,-0.09,-0.03
9.49,0.70,2.44,0.00,-0.10,-0.03
9.54,0.75,2.18,-0.01,-0.07,-0.03
9.56,0.68,2.28,-0.01,-0.04,-0.02
9.44,0.70,2.36,-0.01,-0.04,-0.01
9.48,0.68,2.28,-0.02,-0.04,-0.02
9.54,0.74,2.23,-0.03,-0.00,-0.01
9.45,0.70,2.23,-0.03,0.02,0.00
9.49,0.65,2.36,-0.04,0.03,-0.00
9.35,0.63,2.42,-0.04,0.02,-0.01
9.31,0.62,2.41,-0.03,-0.01,-0.01
9.49,0.64,2.39,-0.02,-0.05,-0.02
